raw_row_index,record_id,compound_id,target,e3_ligase,cell_line,treatment_time_h,dc50_raw,dc50_obs_type,dc50_value,dc50_lower,dc50_upper,dmax_raw,dmax_obs_type,dmax_value,dmax_lower,dmax_upper,pctdeg_raw,pctdeg_value,source_quality,article_doi,provisional_activity_evidence,stratum,annotator_activity_evidence,annotator_confidence,annotator_note
6267,6267,3806,EP300,CRBN,RS4-11,4.0,0.8,exact,0.8,,,77,exact,77.0,,,,,PROTAC-DB 3.0 (database summary of literature),10.1021/acs.jmedchem.3c00492,P,exact|P,P,中,DC50=0.8远小于100，虽然DMax=77<80，但不足DC50更有说服力
2040,2040,1383,BTK,CRBN,,24.0,10,exact,10.0,,,68,exact,68.0,,,,,PROTAC-DB 3.0 (database summary of literature),10.1021/jacs.9b13907,P,exact|P,A,中,DC50=10小于100，但是DMax=68，与80相差略微偏大
11141,11169,7153,TEAD3,CRBN,,24.0,32.7,exact,32.7,,,,endpoint-missing,,,,,,PROTAC-DB 3.0 (database summary of literature),10.1021/acsmedchemlett.4c00029,P,exact|P,P,中,"DC50=32.7 nM exact，≤100 nM → 按效力判 P；Dmax 缺失，疗效上限未确认。DC50 测量本身预设了降解曲线，故活性成立。建议 §5 明确""P 是否要求 Dmax 佐证"
12622,12655,8271,SIRT6,CRBN,,36.0,105.74/238.79,exact,105.74,,,94.81/90.61,exact,94.81,,,85.9/93.6,89.75,PROTAC-DB 3.0 (database summary of literature),10.1021/acs.jmedchem.4c01223,P,exact|P,P,中,虽然DC50=105.74略微大于100，但是DMax=94.81接近100
4928,4928,2835,BTK,CRBN,,24.0,8.1,exact,8.1,,,72.4,exact,72.4,,,,,PROTAC-DB 3.0 (database summary of literature),10.1016/j.ejmech.2021.113820,P,exact|P,P,中,
6276,6276,3811,CBP,CRBN,RS4-11,4.0,3.3,exact,3.3,,,95,exact,95.0,,,,,PROTAC-DB 3.0 (database summary of literature),10.1021/acs.jmedchem.3c00492,P,exact|P,P,高,
10825,10853,6903,AKR1C2,CRBN,22Rv1,72.0,49,exact,49.0,,,,endpoint-missing,,,,,,PROTAC-DB 3.0 (database summary of literature),10.1038/s42004-024-01177-4,P,exact|P,P,中,"DC50=49 nM exact，≤100 nM → 按效力判 P；Dmax 缺失，疗效上限未确认。DC50 测量本身预设了降解曲线，故活性成立。建议 §5 明确""P 是否要求 Dmax 佐证"
12395,12428,8066,sEH,CRBN,,24.0,19,exact,19.0,,,77,exact,77.0,,,83/61/82,75.33333333333333,PROTAC-DB 3.0 (database summary of literature),10.1021/acsmedchemlett.4c00357,P,exact|P,P,中,
14163,14196,9398,BTK,CRBN,,,5.37,exact,5.37,,,,endpoint-missing,,,,,,PROTAC-DB 3.0 (database summary of literature),,P,exact|P,P,高,
11854,11884,7598,LCK,CRBN,,6.0,2.46,exact,2.46,,,87,exact,87.0,,,,,PROTAC-DB 3.0 (database summary of literature),10.1021/acs.jmedchem.4c00481,P,exact|P,P,高,
13230,13263,8613,RET,CRBN,,,1.35,exact,1.35,,,87,exact,87.0,,,,,PROTAC-DB 3.0 (database summary of literature),10.1021/acs.jmedchem.4c02083,P,exact|P,P,高,
2038,2038,1381,BTK,CRBN,,24.0,8.6,exact,8.6,,,91,exact,91.0,,,,,PROTAC-DB 3.0 (database summary of literature),10.1021/jacs.9b13907,P,exact|P,P,高,
9354,9354,5971,c-Src,CRBN,,18.0,5,exact,5.0,,,,endpoint-missing,,,,86,86.0,PROTAC-DB 3.0 (database summary of literature),10.1021/acschembio.3c00548,P,exact|P,P,高,
7089,7089,4321,STAT5,CRBN,,18.0,230,exact,230.0,,,>95,right-censored,,95.0,,,,PROTAC-DB 3.0 (database summary of literature),10.1021/acs.jmedchem.2c01665,P,exact|P,P,中,
12991,13024,8496,BRD4,KLHDC2,RD/U2OS/PC3/22Rv1,,548/13729/20071,exact,548.0,,,99.4/59.5/30,exact,99.4,,,,,PROTAC-DB 3.0 (database summary of literature),10.1038/s41467-024-52966-3,P,exact|P,P,中,
5638,5638,3344,AR,CRBN,VCaP/LNCaP,24.0,4.6/1.2,exact,4.6,,,99/99,exact,99.0,,,,,PROTAC-DB 3.0 (database summary of literature),10.1021/acs.jmedchem.3c01264,P,exact|P,P,高,
11890,11920,7621,AR L702H,CRBN,LNCaP,702.0,469,exact,469.0,,,100,exact,100.0,,,,,PROTAC-DB 3.0 (database summary of literature),10.1021/acs.jmedchem.4c00269,P,exact|P,P,中,
4137,4137,2342,BRD4,VHL,RD/HEK-293,4.0,63.10,exact,63.1,,,,endpoint-missing,,,,,,PROTAC-DB 3.0 (database summary of literature),10.1021/acs.jmedchem.1c01496,P,exact|P,P,中,
12947,12980,8473,ROS1,CRBN,,,56,exact,56.0,,,45,exact,45.0,,,,,PROTAC-DB 3.0 (database summary of literature),10.1021/acs.jmedchem.4c01205,P,exact|P,A,中,DC50=56，DMax=45均在灰色区域内
14249,14282,9484,BTK,CRBN,,,0.586,exact,0.586,,,,endpoint-missing,,,,,,PROTAC-DB 3.0 (database summary of literature),,P,exact|P,P,高,
13178,13211,8595,RET G810R,CRBN,,,14.5,exact,14.5,,,96,exact,96.0,,,,,PROTAC-DB 3.0 (database summary of literature),10.1021/acs.jmedchem.4c02083,P,exact|P,P,高,
12936,12969,8466,ROS1,CRBN,,,9,exact,9.0,,,94,exact,94.0,,,,,PROTAC-DB 3.0 (database summary of literature),10.1021/acs.jmedchem.4c01205,P,exact|P,P,高,
11691,11721,7509,IKZF1,CRBN,OCI-LY10,6.0,56,exact,56.0,,,,endpoint-missing,,,,,,PROTAC-DB 3.0 (database summary of literature),10.1021/acs.jmedchem.3c01823,P,exact|P,P,中,
14195,14228,9430,BTK,CRBN,,,5.69,exact,5.69,,,,endpoint-missing,,,,,,PROTAC-DB 3.0 (database summary of literature),,P,exact|P,P,高,
14244,14277,9479,BTK,CRBN,,,1.36,exact,1.36,,,,endpoint-missing,,,,,,PROTAC-DB 3.0 (database summary of literature),,P,exact|P,P,高,
13838,13871,9076,ERalpha,CRBN,MCF-7,,0.04062,exact,0.04062,,,79,exact,79.0,,,,,PROTAC-DB 3.0 (database summary of literature),10.1021/acs.jmedchem.4c01401,P,exact|P,P,高,
14159,14192,9394,BTK,CRBN,,,0.534,exact,0.534,,,,endpoint-missing,,,,,,PROTAC-DB 3.0 (database summary of literature),,P,exact|P,P,高,
12437,12470,8105,PIN1,CRBN,MDA-MB-468,24.0,20,exact,20.0,,,78.91,exact,78.91,,,,,PROTAC-DB 3.0 (database summary of literature),10.1021/acs.jmedchem.4c01412,P,exact|P,P,中,
14200,14233,9435,BTK,CRBN,,,1.69,exact,1.69,,,,endpoint-missing,,,,,,PROTAC-DB 3.0 (database summary of literature),,P,exact|P,P,高,
4151,4151,2354,TTK,CRBN,COLO-205/HCT-116,6.0,3.04/663,exact,3.04,,,85/50,exact,85.0,,,,,PROTAC-DB 3.0 (database summary of literature),10.1021/acs.jmedchem.1c01768,P,exact|P,P,高,
10442,10470,6709,CBP,CRBN,VCaP,4.0,0.1,exact,0.1,,,>= 95,exact,95.0,,,51/84/94/99/98/54/0/0/0,53.333333333333336,PROTAC-DB 3.0 (database summary of literature),10.1021/acs.jmedchem.3c01789,P,exact|P,P,高,
13227,13260,8612,RET,CRBN,,,25.7,exact,25.7,,,99,exact,99.0,,,,,PROTAC-DB 3.0 (database summary of literature),10.1021/acs.jmedchem.4c02083,P,exact|P,P,高,
5315,5315,3110,BRAF V600E,CRBN,,24.0,20,exact,20.0,,,,endpoint-missing,,,,,,PROTAC-DB 3.0 (database summary of literature),10.1021/acsmedchemlett.2c00039,P,exact|P,P,中,
11769,11799,7550,CDK4,CRBN,JURKAT,12.0,9.8,exact,9.8,,,75,exact,75.0,,,,,PROTAC-DB 3.0 (database summary of literature),10.1021/acs.jmedchem.4c00965,P,exact|P,P,中,
14284,14317,9518,BTK,CRBN,,,"1,15",exact,1.15,,,,endpoint-missing,,,,,,PROTAC-DB 3.0 (database summary of literature),,P,exact|P,P,高,
11248,11276,7194,EGFR L858R/T790M/C797S,VHL,NCI-H1975,48.0,630,exact,630.0,,,94,exact,94.0,,,,,PROTAC-DB 3.0 (database summary of literature),10.1016/j.ejmech.2024.116489,P,exact|P,P,中,
2948,2948,2050,BRAF V600E,CRBN,,24.0,100,exact,100.0,,,51,exact,51.0,,,,,PROTAC-DB 3.0 (database summary of literature),10.1038/s41589-020-0609-7,P,exact|P,A,中,DC50=100，DMax=51均在灰色区域内
412,412,257,AR,VHL,VCaP,20.0,5,exact,5.0,,,98,exact,98.0,,,,,PROTAC-DB 3.0 (database summary of literature),10.1038/s42003-018-0105-8,P,exact|P,P,高,
8263,8263,5089,AKT1,VHL,SW620,24.0,23,exact,23.0,,,,endpoint-missing,,,,,,PROTAC-DB 3.0 (database summary of literature),10.1021/acs.jmedchem.2c01454,P,exact|P,P,中,
2849,2849,1996,EGFR e19d,VHL,,48.0,3.54,exact,3.54,,,74.8,exact,74.8,,,,,PROTAC-DB 3.0 (database summary of literature),10.1016/j.ejmech.2020.112781,P,exact|P,P,中,
11761,11791,7546,CDK4,CRBN,JURKAT,12.0,10.5,exact,10.5,,,100,exact,100.0,,,,,PROTAC-DB 3.0 (database summary of literature),10.1021/acs.jmedchem.4c00965,P,exact|P,P,高,
5386,5386,3174,BTK C481G,CRBN,HELA,96.0,26,exact,26.0,,,,endpoint-missing,,,,,,PROTAC-DB 3.0 (database summary of literature),10.1038/s41375-019-0440-x,P,exact|P,P,中,
6163,6163,3746,BRD3,CRBN,RD/MV4-11,4.0,0.7,exact,0.7,,,99,exact,99.0,,,,,PROTAC-DB 3.0 (database summary of literature),10.1021/acs.jmedchem.3c00520,P,exact|P,P,高,
14314,14347,9547,BTK,CRBN,,,2.26,exact,2.26,,,,endpoint-missing,,,,,,PROTAC-DB 3.0 (database summary of literature),,P,exact|P,P,高,
14168,14201,9403,BTK,CRBN,,,1.61,exact,1.61,,,,endpoint-missing,,,,,,PROTAC-DB 3.0 (database summary of literature),,P,exact|P,P,高,
11875,11905,7615,AR,CRBN,LNCaP,,23,exact,23.0,,,95,exact,95.0,,,,,PROTAC-DB 3.0 (database summary of literature),10.1021/acs.jmedchem.4c00269,P,exact|P,P,高,
8431,8431,5216,LRRK2,VHL,,4.0,32,exact,32.0,,,59,exact,59.0,,,,,PROTAC-DB 3.0 (database summary of literature),10.1021/jacs.2c05499,P,exact|P,A,中,
6722,6722,4103,EML4-ALK,CRBN,,,26,exact,26.0,,,90,exact,90.0,,,,,PROTAC-DB 3.0 (database summary of literature),10.1021/acs.jmedchem.2c01864,P,exact|P,P,高,
5691,5691,3397,ERalpha,CRBN,MCF-7,,0.8,exact,0.8,,,106,exact,106.0,,,,,PROTAC-DB 3.0 (database summary of literature),10.1021/acs.jmedchem.3c01186,P,exact|P,P,高,
2179,2179,1509,FAK,CRBN,,8.0,1.3/0.4,exact,1.3,,,,endpoint-missing,,,,,,PROTAC-DB 3.0 (database summary of literature),10.1007/s13238-020-00732-8,P,exact|P,P,高,
10232,10260,6572,CBP,CRBN,,24.0,12,exact,12.0,,,62,exact,62.0,,,,,PROTAC-DB 3.0 (database summary of literature),10.1021/acs.jmedchem.3c02124,P,exact|P,P,中,
5669,5669,3375,ERalpha,CRBN,MCF-7,,2.3,exact,2.3,,,84,exact,84.0,,,,,PROTAC-DB 3.0 (database summary of literature),10.1021/acs.jmedchem.3c01186,P,exact|P,P,高,
13193,13226,8600,RET G810R,CRBN,,,91.5,exact,91.5,,,88,exact,88.0,,,,,PROTAC-DB 3.0 (database summary of literature),10.1021/acs.jmedchem.4c02083,P,exact|P,P,高,
14197,14230,9432,BTK,CRBN,,,3.67,exact,3.67,,,,endpoint-missing,,,,,,PROTAC-DB 3.0 (database summary of literature),,P,exact|P,P,高,
5712,5712,3417,HDAC8,VHL,THP-1,24.0,75,exact,75.0,,,94,exact,94.0,,,,,PROTAC-DB 3.0 (database summary of literature),10.1002/anie.202310059,P,exact|P,P,高,
6920,6920,4182,ITK,CRBN,JURKAT,16.0,32.7,exact,32.7,,,99,exact,99.0,,,,,PROTAC-DB 3.0 (database summary of literature),10.1021/acs.jmedchem.2c02078,P,exact|P,P,高,
443,443,280,BTK,CRBN,NAMALWA,24.0,80.6,exact,80.6,,,96,exact,96.0,,,,,PROTAC-DB 3.0 (database summary of literature),10.1021/acs.biochem.8b00391,P,exact|P,P,高,
13405,13438,8768,ERalpha,CRBN,MCF-7,12.0,0.1,exact,0.1,,,86,exact,86.0,,,,,PROTAC-DB 3.0 (database summary of literature),10.1021/acs.jmedchem.4c01521,P,exact|P,P,高,
9832,9860,6319,FKBP12,CRBN,HEK-293,18.0,428,exact,428.0,,,88,exact,88.0,,,90/85/59/0/0/0/6,34.285714285714285,PROTAC-DB 3.0 (database summary of literature),10.1016/j.chembiol.2024.01.003,P,exact|P,P,中,
12061,12091,7772,MAP4K1,CRBN,JURKAT,24.0,> 10000,exact,10000.0,,,22.3,exact,22.3,,,,,PROTAC-DB 3.0 (database summary of literature),10.1021/acs.jmedchem.4c00644,N,exact|N,N,高,
4959,4959,2851,JAK1,CRBN,,,1150,exact,1150.0,,,,endpoint-missing,,,,,,PROTAC-DB 3.0 (database summary of literature),10.1016/j.biopha.2024.116167,N,exact|N,N,高,
315,315,187,p38delta,VHL,MDA-MB-231,,1890,exact,1890.0,,,78.7,exact,78.7,,,,,PROTAC-DB 3.0 (database summary of literature),10.1038/s41467-018-08027-7,N,exact|N,A,中,
2309,2309,1593,PDEdelta,CRBN,SW480,24.0,30000,exact,30000.0,,,,endpoint-missing,,,,,,PROTAC-DB 3.0 (database summary of literature),10.1021/acs.jmedchem.0c00929,N,exact|N,N,高,
9002,9002,5684,STING,CRBN,THP-1,48.0,3200,exact,3200.0,,,,endpoint-missing,,,,,,PROTAC-DB 3.0 (database summary of literature),10.1021/acs.jmedchem.1c01948,N,exact|N,N,高,
12586,12619,8235,STING,CRBN,THP-1,24.0,2580,exact,2580.0,,,,endpoint-missing,,,,83,83.0,PROTAC-DB 3.0 (database summary of literature),10.1016/j.ejmech.2024.116883,N,exact|N,N,高,
9486,9486,6050,APT1,CRBN,RAJI,4.0,1000,exact,1000.0,,,,endpoint-missing,,,,,,PROTAC-DB 3.0 (database summary of literature),10.1002/cbic.202300736,N,exact|N,N,高,
1516,1516,1024,BCR-ABL,IAP,K562,6.0,300,exact,300.0,,,,endpoint-missing,,,,,,PROTAC-DB 3.0 (database summary of literature),10.1111/cas.13284,A,exact|A,A,中,
5444,5444,3217,BCL2,VHL,,16.0,316.2,exact,316.2,,,79,exact,79.0,,,,,PROTAC-DB 3.0 (database summary of literature),10.1038/s41467-021-27210-x,A,exact|A,P,中,
12056,12086,7767,MAP4K1,CRBN,JURKAT,24.0,962.35,exact,962.35,,,63.6,exact,63.6,,,,,PROTAC-DB 3.0 (database summary of literature),10.1021/acs.jmedchem.4c00644,A,exact|A,A,高,
2957,2957,2059,BRAF V600E,CRBN,,24.0,500,exact,500.0,,,50,exact,50.0,,,,,PROTAC-DB 3.0 (database summary of literature),10.1038/s41589-020-0609-7,A,exact|A,A,高,
780,780,485,STAT3,CRBN,,4.0,180,exact,180.0,,,,endpoint-missing,,,,,,PROTAC-DB 3.0 (database summary of literature),10.1021/acs.jmedchem.9b01530,A,exact|A,A,高,
12445,12478,8113,PSMB5,CRBN,,,900,exact,900.0,,,,endpoint-missing,,,,,,PROTAC-DB 3.0 (database summary of literature),10.1016/j.bioorg.2024.107801,A,exact|A,A,高,
13317,13350,8680,MAP4K1,CRBN,JURKAT,24.0,632.3,exact,632.3,,,52,exact,52.0,,,,,PROTAC-DB 3.0 (database summary of literature),10.1021/acs.jmedchem.4c01906,A,exact|A,A,高,
6453,6453,3951,ERalpha,VHL,MCF-7,24.0,330/570,exact,330.0,,,,endpoint-missing,,,,,,PROTAC-DB 3.0 (database summary of literature),10.1016/j.bioorg.2023.106590,A,exact|A,A,高,
13616,13649,8932,AURKB,CRBN,MV4-11,6.0,363,exact,363.0,,,48.3,exact,48.3,,,,,PROTAC-DB 3.0 (database summary of literature),10.1021/acsptsci.4c00405,A,exact|A,A,高,
5687,5687,3393,ERalpha,CRBN,MCF-7,,393,exact,393.0,,,58,exact,58.0,,,,,PROTAC-DB 3.0 (database summary of literature),10.1021/acs.jmedchem.3c01186,A,exact|A,A,高,
5291,5291,3086,BTK,CRBN,,16.0,107,exact,107.0,,,,endpoint-missing,,,,,,PROTAC-DB 3.0 (database summary of literature),10.1021/acsmedchemlett.1c00178,A,exact|A,A,中,
11290,11318,7227,RIPK1,VHL,,,50000,exact,50000.0,,,101,exact,101.0,,,,,PROTAC-DB 3.0 (database summary of literature),10.1016/j.immuni.2024.04.025,A,exact|A,A,高,
5893,5893,3534,SMARCA2,VHL,,,682,exact,682.0,,,62,exact,62.0,,,,,PROTAC-DB 3.0 (database summary of literature),10.1021/acs.jmedchem.3c00953,A,exact|A,A,高,
11692,11722,7510,IRAK4,CRBN,OCI-LY10,24.0,128,exact,128.0,,,,endpoint-missing,,,,,,PROTAC-DB 3.0 (database summary of literature),10.1021/acs.jmedchem.3c01823,A,exact|A,A,中,
9232,9232,5866,CAMKK2,VHL,HEK-293,24.0,510,exact,510.0,,,,endpoint-missing,,,,,,PROTAC-DB 3.0 (database summary of literature),10.1021/acs.jmedchem.3c01137,A,exact|A,A,高,
15270,15303,10499,ERalpha,CRBN,MCF-7,,<5,left-censored,,,5.0,>50 and <75,interval-censored,,50.0,75.0,,,PROTAC-DB 3.0 (database summary of literature),,P,left-censored|P,P,中,
14420,14453,9651,KRAS,CRBN,ASPC-1,24.0,<=100,left-censored,,,100.0,>70,right-censored,,70.0,,,,PROTAC-DB 3.0 (database summary of literature),,P,left-censored|P,P,中,
14493,14526,9722,KRAS,CRBN,ASPC-1,24.0,<=100,left-censored,,,100.0,>70,right-censored,,70.0,,,,PROTAC-DB 3.0 (database summary of literature),,P,left-censored|P,P,中,
14505,14538,9734,KRAS,CRBN,ASPC-1,24.0,<=100,left-censored,,,100.0,>70,right-censored,,70.0,,,,PROTAC-DB 3.0 (database summary of literature),,P,left-censored|P,P,中,
9472,9472,6036,APT1,CRBN,RAJI,4.0,<100,left-censored,,,100.0,,endpoint-missing,,,,,,PROTAC-DB 3.0 (database summary of literature),10.1002/cbic.202300736,P,left-censored|P,P,高,
15337,15370,10565,ERalpha,CRBN,MCF-7,,<5,left-censored,,,5.0,>50 and <75,interval-censored,,50.0,75.0,,,PROTAC-DB 3.0 (database summary of literature),,P,left-censored|P,P,中,
14993,15026,10222,ERalpha,CRBN,MCF-7,,<5,left-censored,,,5.0,>50 and <75,interval-censored,,50.0,75.0,,,PROTAC-DB 3.0 (database summary of literature),,P,left-censored|P,P,中,
15398,15431,10626,ERalpha,CRBN,MCF-7,,<5,left-censored,,,5.0,>75,right-censored,,75.0,,,,PROTAC-DB 3.0 (database summary of literature),,P,left-censored|P,P,高,
15287,15320,10515,ERalpha,CRBN,MCF-7,,<5,left-censored,,,5.0,>75,right-censored,,75.0,,,,PROTAC-DB 3.0 (database summary of literature),,P,left-censored|P,P,高,
4200,4200,2396,RPS6KA1,CRBN,A549,16.0,<100/<100/<100,left-censored,,,100.0,,endpoint-missing,,,,,,PROTAC-DB 3.0 (database summary of literature),10.1021/acs.jmedchem.1c00373,P,left-censored|P,P,中,
7860,7860,4893,NAMPT,CRBN,JURKAT,24.0,<1,left-censored,,,1.0,92.5,exact,92.5,,,,,PROTAC-DB 3.0 (database summary of literature),10.1016/j.chembiol.2022.10.007,P,left-censored|P,P,高,
14512,14545,9741,KRAS,CRBN,ASPC-1,24.0,<=100,left-censored,,,100.0,>70,right-censored,,70.0,,,,PROTAC-DB 3.0 (database summary of literature),,P,left-censored|P,P,中,
15434,15467,10662,ERalpha,CRBN,MCF-7,,<5,left-censored,,,5.0,>50 and <75,interval-censored,,50.0,75.0,,,PROTAC-DB 3.0 (database summary of literature),,P,left-censored|P,P,中,
14507,14540,9736,KRAS,CRBN,ASPC-1,24.0,<=100,left-censored,,,100.0,>50 and <=70,interval-censored,,50.0,70.0,,,PROTAC-DB 3.0 (database summary of literature),,P,left-censored|P,P,中,
14408,14441,9640,KRAS,CRBN,ASPC-1,24.0,<=1000,left-censored,,,1000.0,>50 and <=70,interval-censored,,50.0,70.0,,,PROTAC-DB 3.0 (database summary of literature),,A,left-censored|A,A,中,
14359,14392,9592,KRAS,CRBN,ASPC-1,24.0,<=1000,left-censored,,,1000.0,>25 and <=50,interval-censored,,25.0,50.0,,,PROTAC-DB 3.0 (database summary of literature),,A,left-censored|A,A,高,
14397,14430,9629,KRAS,CRBN,ASPC-1,24.0,<=1000,left-censored,,,1000.0,<=25,left-censored,,,25.0,,,PROTAC-DB 3.0 (database summary of literature),,A,left-censored|A,A,高,
14377,14410,9610,KRAS,CRBN,ASPC-1,24.0,<=1000,left-censored,,,1000.0,>50 and <=70,interval-censored,,50.0,70.0,,,PROTAC-DB 3.0 (database summary of literature),,A,left-censored|A,A,中,
14230,14263,9465,BTK,CRBN,,,>2000,right-censored,,2000.0,,,endpoint-missing,,,,,,PROTAC-DB 3.0 (database summary of literature),,N,right-censored|N,N,高,
14233,14266,9468,BTK,CRBN,,,>2000,right-censored,,2000.0,,,endpoint-missing,,,,,,PROTAC-DB 3.0 (database summary of literature),,N,right-censored|N,N,高,
14348,14381,9581,KRAS,CRBN,ASPC-1,24.0,＞1000,right-censored,,1000.0,,nd,endpoint-missing,,,,,,PROTAC-DB 3.0 (database summary of literature),,N,right-censored|N,N,高,
13856,13889,9094,PARP1,CRBN,HCT-116,,>20000,right-censored,,20000.0,,30.21,exact,30.21,,,,,PROTAC-DB 3.0 (database summary of literature),10.1016/j.ejmech.2024.117062,N,right-censored|N,N,高,
1606,1606,1108,HMGCR,CRBN,RD,16.0,>3000,right-censored,,3000.0,,,endpoint-missing,,,,,,PROTAC-DB 3.0 (database summary of literature),10.1021/acs.jmedchem.0c00339,N,right-censored|N,N,高,
7110,7110,4330,STAT5,CRBN,,18.0,>5000,right-censored,,5000.0,,,endpoint-missing,,,,,,PROTAC-DB 3.0 (database summary of literature),10.1021/acs.jmedchem.2c01665,N,right-censored|N,N,高,
10235,10263,6573,EP300,CRBN,,24.0,>1000,right-censored,,1000.0,,40,exact,40.0,,,,,PROTAC-DB 3.0 (database summary of literature),10.1021/acs.jmedchem.3c02124,N,right-censored|N,A,中,
8073,8073,5023,SMARCA4,VHL,,4.0,>25000/>25000,right-censored,,25000.0,,N.D./N.D.,endpoint-missing,,,,,,PROTAC-DB 3.0 (database summary of literature),10.1038/s41467-022-33430-6,N,right-censored|N,N,高,
6415,6415,3913,BTK,CRBN,,17.0,>3000/>3000,right-censored,,3000.0,,30.1/30,exact,30.1,,,,,PROTAC-DB 3.0 (database summary of literature),10.1021/acs.jmedchem.3c00176,N,right-censored|N,N,中,
14360,14393,9593,KRAS,CRBN,ASPC-1,24.0,＞1000,right-censored,,1000.0,,nd,endpoint-missing,,,,,,PROTAC-DB 3.0 (database summary of literature),,N,right-censored|N,N,中,
13850,13883,9088,PARP1,CRBN,HCT-116,,>20000,right-censored,,20000.0,,49.13,exact,49.13,,,,,PROTAC-DB 3.0 (database summary of literature),10.1016/j.ejmech.2024.117062,N,right-censored|N,N,高,
14385,14418,9618,KRAS,CRBN,ASPC-1,24.0,＞1000,right-censored,,1000.0,,nd,endpoint-missing,,,,,,PROTAC-DB 3.0 (database summary of literature),,N,right-censored|N,N,中,
11690,11720,7509,IRAK4,CRBN,OCI-LY10,24.0,>10000,right-censored,,10000.0,,30,exact,30.0,,,,,PROTAC-DB 3.0 (database summary of literature),10.1021/acs.jmedchem.3c01823,N,right-censored|N,N,高,
13148,13181,8585,RET G810R,CRBN,,,>10000,right-censored,,10000.0,,>10000,right-censored,,10000.0,,,,PROTAC-DB 3.0 (database summary of literature),10.1021/acs.jmedchem.4c02083,A,right-censored|A,N,高,
9934,9962,6380,BTK,CRBN,,4.0,>100,right-censored,,100.0,,,endpoint-missing,,,,20,20.0,PROTAC-DB 3.0 (database summary of literature),10.1021/acs.jmedchem.3c01414,A,right-censored|A,N,高,
1549,1549,1055,ER,XIAP,MCF-7,4.0,>100,right-censored,,100.0,,,endpoint-missing,,,,,,PROTAC-DB 3.0 (database summary of literature),10.1074/jbc.RA117.001091,A,right-censored|A,A,中,
670,670,396,CDK4,CRBN,,24.0,>500,right-censored,,500.0,,,endpoint-missing,,,,,,PROTAC-DB 3.0 (database summary of literature),10.1021/acs.jmedchem.9b00871,A,right-censored|A,A,中,
11566,11594,7400,CDK2,CRBN,HL-60,,>100,right-censored,,100.0,,34.2,exact,34.2,,,,,PROTAC-DB 3.0 (database summary of literature),10.1016/j.ejmech.2024.116539,A,right-censored|A,A,中,
15259,15292,10488,ERalpha,CRBN,MCF-7,,>5 and <50,interval-censored,,5.0,50.0,>50 and <75,interval-censored,,50.0,75.0,,,PROTAC-DB 3.0 (database summary of literature),,P,interval-censored|P,P,中,
15175,15208,10404,ERalpha,CRBN,MCF-7,,>5 and <50,interval-censored,,5.0,50.0,>75,right-censored,,75.0,,,,PROTAC-DB 3.0 (database summary of literature),,P,interval-censored|P,P,高,
15289,15322,10517,ERalpha,CRBN,MCF-7,,>5 and <50,interval-censored,,5.0,50.0,>75,right-censored,,75.0,,,,PROTAC-DB 3.0 (database summary of literature),,P,interval-censored|P,P,高,
15303,15336,10531,ERalpha,CRBN,MCF-7,,>5 and <50,interval-censored,,5.0,50.0,>50 and <75,interval-censored,,50.0,75.0,,,PROTAC-DB 3.0 (database summary of literature),,P,interval-censored|P,P,中,
15340,15373,10568,ERalpha,CRBN,MCF-7,,>5 and <50,interval-censored,,5.0,50.0,>75,right-censored,,75.0,,,,PROTAC-DB 3.0 (database summary of literature),,P,interval-censored|P,P,高,
9952,9980,6398,BTK,CRBN,,4.0,10~100,interval-censored,,10.0,100.0,,endpoint-missing,,,,99/99,99.0,PROTAC-DB 3.0 (database summary of literature),10.1021/acs.jmedchem.3c01414,P,interval-censored|P,P,中,
15455,15488,10683,ERalpha,CRBN,MCF-7,,>5 and <50,interval-censored,,5.0,50.0,>50 and <75,interval-censored,,50.0,75.0,,,PROTAC-DB 3.0 (database summary of literature),,P,interval-censored|P,P,中,
15408,15441,10636,ERalpha,CRBN,MCF-7,,>5 and <50,interval-censored,,5.0,50.0,>75,right-censored,,75.0,,,,PROTAC-DB 3.0 (database summary of literature),,P,interval-censored|P,P,高,
15495,15528,10723,ERalpha,CRBN,MCF-7,,>5 and <50,interval-censored,,5.0,50.0,>50 and <75,interval-censored,,50.0,75.0,,,PROTAC-DB 3.0 (database summary of literature),,P,interval-censored|P,P,中,
365,365,229,BRD4,VHL,RD/HELA,24.0,1~3,interval-censored,,1.0,3.0,,endpoint-missing,,,,,,PROTAC-DB 3.0 (database summary of literature),10.1021/jacs.8b05807,P,interval-censored|P,P,高,
2231,2231,1535,BRD4,VHL,RD/HELA,18.0,25-125,interval-censored,,25.0,125.0,,endpoint-missing,,,,,,PROTAC-DB 3.0 (database summary of literature),10.1002/anie.201914396,A,interval-censored|A,A,中,
1495,1495,1003,TRKC,CRBN,,24.0,100-1000,interval-censored,,100.0,1000.0,,endpoint-missing,,,,,,PROTAC-DB 3.0 (database summary of literature),10.1021/acs.molpharmaceut.9b00673,A,interval-censored|A,A,中,
14082,14115,9317,CHEK1,CRBN,,,,endpoint-missing,,,,2000,exact,2000.0,,,,,PROTAC-DB 3.0 (database summary of literature),,P,endpoint-missing|P,U,中,
7560,7560,4694,BCL-xL,CRBN,,24.0,,endpoint-missing,,,,88.09,exact,88.09,,,,,PROTAC-DB 3.0 (database summary of literature),10.7150/thno.75421,P,endpoint-missing|P,P,中,
4284,4284,2435,HDAC1,VHL,HCT-116,24.0,,endpoint-missing,,,,6,exact,6.0,,,,,PROTAC-DB 3.0 (database summary of literature),10.1021/acs.jmedchem.1c02179,N,endpoint-missing|N,N,高,
4267,4267,2429,HDAC2,VHL,HCT-116,24.0,,endpoint-missing,,,,5,exact,5.0,,,,,PROTAC-DB 3.0 (database summary of literature),10.1021/acs.jmedchem.1c02179,N,endpoint-missing|N,N,高,
10042,10070,6468,CBP,CRBN,,24.0,,endpoint-missing,,,,42,exact,42.0,,,N.D./N.D./N.D./22/42/42,35.333333333333336,PROTAC-DB 3.0 (database summary of literature),10.1016/j.bmcl.2024.129676,A,endpoint-missing|A,A,中,
4241,4241,2422,HDAC3,VHL,HCT-116,24.0,,endpoint-missing,,,,44,exact,44.0,,,,,PROTAC-DB 3.0 (database summary of literature),10.1021/acs.jmedchem.1c02179,A,endpoint-missing|A,A,中,
10119,10147,6506,hMETTL3,CRBN,MOLM-13,24.0,,endpoint-missing,,,,,endpoint-missing,,,,N.D.,,PROTAC-DB 3.0 (database summary of literature),10.1021/jacsau.4c00040,U,endpoint-missing|U,U,高,
3749,3749,2190,Wee1,CRBN,,,,endpoint-missing,,,,,endpoint-missing,,,,,,PROTAC-DB 3.0 (database summary of literature),10.1016/j.cell.2020.10.038,U,endpoint-missing|U,U,高,
7239,7239,4431,MEK2,CRBN,,,,endpoint-missing,,,,,endpoint-missing,,,,,,PROTAC-DB 3.0 (database summary of literature),10.1021/acsmedchemlett.2c00446,U,endpoint-missing|U,U,高,
15083,15116,10312,ERalpha,CRBN,,,,endpoint-missing,,,,,endpoint-missing,,,,,,PROTAC-DB 3.0 (database summary of literature),,U,endpoint-missing|U,U,高,
9838,9866,6325,FKBP12,CRBN,,,,endpoint-missing,,,,,endpoint-missing,,,,,,PROTAC-DB 3.0 (database summary of literature),10.1016/j.chembiol.2024.01.003,U,endpoint-missing|U,U,高,
456,456,285,RIPK2,CRBN,,,,endpoint-missing,,,,,endpoint-missing,,,,,,PROTAC-DB 3.0 (database summary of literature),10.1016/j.chembiol.2017.09.010,U,endpoint-missing|U,U,高,
12179,12209,7884,SMARCA4,VHL,,8.0,,endpoint-missing,,,,,endpoint-missing,,,,0/16/28/25/23,18.4,PROTAC-DB 3.0 (database summary of literature),10.1016/j.ejmech.2024.116751,U,endpoint-missing|U,U,高,
3440,3440,2161,PRKAA1,VHL,,,,endpoint-missing,,,,,endpoint-missing,,,,,,PROTAC-DB 3.0 (database summary of literature),10.1016/j.cell.2020.10.038,U,endpoint-missing|U,U,高,
8014,8014,4985,BRD4 BD2,CRBN,,,,endpoint-missing,,,,,endpoint-missing,,,,,,PROTAC-DB 3.0 (database summary of literature),10.1016/j.chembiol.2024.01.003,U,endpoint-missing|U,U,高,
8486,8486,5249,CDK13,CRBN,,15.0,,endpoint-missing,,,,,endpoint-missing,,,,74,74.0,PROTAC-DB 3.0 (database summary of literature),10.1021/acs.jmedchem.2c00384,U,endpoint-missing|U,U,高,
153,153,116,AR,VHL,LNCaP,6.0,,endpoint-missing,,,,,endpoint-missing,,,,38/80/95,71.0,PROTAC-DB 3.0 (database summary of literature),10.1021/acs.jmedchem.8b01631,U,endpoint-missing|U,U,高,
12464,12497,8128,KDM3B,CRBN,,,,endpoint-missing,,,,,endpoint-missing,,,,,,PROTAC-DB 3.0 (database summary of literature),10.1039/d4md00122b,U,endpoint-missing|U,U,高,
6642,6642,4066,BRD3 BD1,CRBN,,,,endpoint-missing,,,,,endpoint-missing,,,,,,PROTAC-DB 3.0 (database summary of literature),10.1016/j.ejmech.2023.115381,U,endpoint-missing|U,U,高,
13537,13570,8871,TRIB2,CRBN,PC3,,,endpoint-missing,,,,,endpoint-missing,,,,N.D./N.D.,,PROTAC-DB 3.0 (database summary of literature),10.1016/j.ejmech.2024.117016,U,endpoint-missing|U,U,高,
14791,14824,10020,Tau,CRBN,,,,endpoint-missing,,,,,endpoint-missing,,,,,,PROTAC-DB 3.0 (database summary of literature),,U,endpoint-missing|U,U,高,
