task,cluster_unit,split_regime,seed,metric,point_estimate,bootstrap_mean,bootstrap_sd,q025,q500,q975,n_records,n_clusters,bootstrap_reps,finite_bootstrap_reps
T3_pn_clf,source_patent_id,poi,20260815,roc_auc,0.6198679521406877,0.622737056854854,0.06576044684490816,0.4848833049321513,0.624934554922784,0.746055191591393,3240,69,1000,1000
T3_pn_clf,source_patent_id,poi,20260815,pr_auc,0.9033813785890383,0.903278974917205,0.03538315870957444,0.8232494763100093,0.9071833268064796,0.9602281284527107,3240,69,1000,1000
T3_pn_clf,source_patent_id,poi,20260815,balanced_accuracy,0.49118252179876554,0.4910440455888324,0.008551078498928506,0.47211824912786327,0.49249672156047897,0.5045313422271308,3240,69,1000,1000
T3_pn_clf,source_patent_id,poi,20260815,mcc,-0.03785749737673131,-0.033634719362099615,0.030142744701082604,-0.08911820412140234,-0.03415743354209756,0.028116747299903842,3240,69,1000,1000
T3_pn_clf,source_patent_id,poi,20260815,brier,0.13934736239928597,0.13898914092251538,0.031717053449717605,0.08094518157772802,0.1375889325545917,0.20361391845215782,3240,69,1000,1000
T3_pn_clf,source_patent_id,poi,20260815,ece_10bin,0.114473016274932,0.11817601332012566,0.0332334423435109,0.05833947262845699,0.11681141194135838,0.18737331529580395,3240,69,1000,1000
T3_pn_clf,source_patent_id,poi,20260815,sensitivity,0.9696531791907514,0.9693619712773373,0.015452579342001678,0.9320919217968738,0.9718804052384482,0.9918759679551112,3240,69,1000,1000
T3_pn_clf,source_patent_id,poi,20260815,specificity,0.012711864406779662,0.01272611990032754,0.007715806662048995,0.0,0.012058579144162859,0.02968303701544739,3240,69,1000,1000
T3_pn_clf,source_patent_id,poi,20260816,roc_auc,0.5740649033751347,0.5707135214733392,0.06833124614374904,0.4354412898584804,0.5712743834635902,0.7010619729811843,3240,69,1000,1000
T3_pn_clf,source_patent_id,poi,20260816,pr_auc,0.8784201308200862,0.8756927195475157,0.044408734895028244,0.7739540878314624,0.88005287301889,0.9492417824548501,3240,69,1000,1000
T3_pn_clf,source_patent_id,poi,20260816,balanced_accuracy,0.5455294160869991,0.5395038073758872,0.047049374928579774,0.4782536950737159,0.538192431611531,0.6355316083604347,3240,69,1000,1000
T3_pn_clf,source_patent_id,poi,20260816,mcc,0.13317194405476734,0.09582741625653685,0.11788642862354683,-0.07767207866616604,0.11638239967740817,0.29516660061840655,3240,69,1000,1000
T3_pn_clf,source_patent_id,poi,20260816,brier,0.1418748300104551,0.1439686799896096,0.03259444920821812,0.0848570827740436,0.14312731636795695,0.21259474621144397,3240,69,1000,1000
T3_pn_clf,source_patent_id,poi,20260816,ece_10bin,0.11813266579245708,0.1238692595727438,0.0324269811979553,0.06641774705631708,0.12157297785179984,0.19513454810426553,3240,69,1000,1000
T3_pn_clf,source_patent_id,poi,20260816,sensitivity,0.951228323699422,0.9497580340206012,0.02672464827921841,0.8883317006269593,0.9536884724059178,0.9918838768394881,3240,69,1000,1000
T3_pn_clf,source_patent_id,poi,20260816,specificity,0.13983050847457626,0.12924958073117285,0.11285287138356113,0.0,0.1301775147928994,0.3709896517985181,3240,69,1000,1000
T3_pn_clf,source_patent_id,poi,20260817,roc_auc,0.5733228421671402,0.5805181824811586,0.07126200135631913,0.4417840560477942,0.5798152809924225,0.716091494919811,3240,69,1000,1000
T3_pn_clf,source_patent_id,poi,20260817,pr_auc,0.8713342500054837,0.8760724984335334,0.04414720004465521,0.7779709876163212,0.8789148576148307,0.9525949342960871,3240,69,1000,1000
T3_pn_clf,source_patent_id,poi,20260817,balanced_accuracy,0.5221814685999804,0.5218500519794006,0.014503532724567435,0.4987714143921639,0.521028730435236,0.5524637159599274,3240,69,1000,1000
T3_pn_clf,source_patent_id,poi,20260817,mcc,0.0952352668383397,0.08914894302465981,0.05212020181266228,-0.005456514684350132,0.09204273294059787,0.18466247798184618,3240,69,1000,1000
T3_pn_clf,source_patent_id,poi,20260817,brier,0.1334096140927307,0.13215891893492807,0.031393733114330497,0.0766982734221254,0.1304191795260614,0.1974589078411562,3240,69,1000,1000
T3_pn_clf,source_patent_id,poi,20260817,ece_10bin,0.09531536979807745,0.09639118064347739,0.030305657812038193,0.045162229647050876,0.09367631707904339,0.15981486750340324,3240,69,1000,1000
T3_pn_clf,source_patent_id,poi,20260817,sensitivity,0.9786849710982659,0.9783643394364329,0.009287466879669238,0.9596405574392634,0.9785986340584827,0.9951426670274947,3240,69,1000,1000
T3_pn_clf,source_patent_id,poi,20260817,specificity,0.06567796610169492,0.06533576452236858,0.033958198179761465,0.009267741187384045,0.06451612903225806,0.1335340733068324,3240,69,1000,1000
T3_pn_clf,source_patent_id,pub,20260815,roc_auc,0.5705558991378465,0.571363372354546,0.056075759072891966,0.45615925479236735,0.5726889617042689,0.6770593789460694,3240,69,1000,1000
T3_pn_clf,source_patent_id,pub,20260815,pr_auc,0.8820437436694295,0.8799587637189499,0.040022684370011476,0.7917317822423744,0.884180309150626,0.9482878660198166,3240,69,1000,1000
T3_pn_clf,source_patent_id,pub,20260815,balanced_accuracy,0.4952544822180856,0.4952112887636629,0.004445670830870397,0.48519979189530776,0.49575334734678494,0.5022396784142985,3240,69,1000,1000
T3_pn_clf,source_patent_id,pub,20260815,mcc,-0.03032233616075631,-0.02698640247717506,0.022741264275594347,-0.06867490411340042,-0.02830394618424581,0.021481784144733736,3240,69,1000,1000
T3_pn_clf,source_patent_id,pub,20260815,brier,0.13748517405125812,0.13799400172664347,0.03127525122614884,0.0804955036360031,0.13616158157970676,0.20101208857112,3240,69,1000,1000
T3_pn_clf,source_patent_id,pub,20260815,ece_10bin,0.10359631650793696,0.10593424009440196,0.029859950140976775,0.055672699868498744,0.10275046647190601,0.17056343841738286,3240,69,1000,1000
T3_pn_clf,source_patent_id,pub,20260815,sensitivity,0.986271676300578,0.9858966714437395,0.00824229872435619,0.9673561838251858,0.9871821371407978,0.9975031494609808,3240,69,1000,1000
T3_pn_clf,source_patent_id,pub,20260815,specificity,0.00423728813559322,0.004525906083586337,0.0035494003610213993,0.0,0.003883495145631068,0.013580121703853951,3240,69,1000,1000
T3_pn_clf,source_patent_id,pub,20260816,roc_auc,0.5774583312922504,0.576127597341544,0.07640525259943802,0.43050623996307874,0.5745796746314378,0.7268803084517841,3240,69,1000,1000
T3_pn_clf,source_patent_id,pub,20260816,pr_auc,0.8811117406247666,0.8789423405160424,0.0428740922916877,0.7803815065523173,0.883841101023233,0.9486141805550443,3240,69,1000,1000
T3_pn_clf,source_patent_id,pub,20260816,balanced_accuracy,0.5581984177525228,0.5544699504858083,0.04399927093779937,0.49619189049312495,0.553973963261047,0.648514803550778,3240,69,1000,1000
T3_pn_clf,source_patent_id,pub,20260816,mcc,0.21403541958565347,0.18025120119451593,0.11514231758670265,-0.028482769883128745,0.19946978659815873,0.37304358974762136,3240,69,1000,1000
T3_pn_clf,source_patent_id,pub,20260816,brier,0.1285003953903452,0.12935538532341206,0.032253453578278884,0.07178218386018358,0.12767490409442178,0.19626337971569313,3240,69,1000,1000
T3_pn_clf,source_patent_id,pub,20260816,ece_10bin,0.09522385732903155,0.0988543910224737,0.03222705522559262,0.044836867501374916,0.09655463593889932,0.1672485705974492,3240,69,1000,1000
T3_pn_clf,source_patent_id,pub,20260816,sensitivity,0.9786849710982659,0.9784362177304917,0.014720743058198895,0.9447881155578794,0.9803471973674385,0.9981949364109112,3240,69,1000,1000
T3_pn_clf,source_patent_id,pub,20260816,specificity,0.13771186440677965,0.13050368324112468,0.10023477114065364,0.0,0.13059033989266547,0.34348576954959936,3240,69,1000,1000
T3_pn_clf,source_patent_id,pub,20260817,roc_auc,0.5716875520476143,0.5758538902137387,0.052640341149126614,0.47521323928266296,0.5762839208219364,0.678124328655296,3240,69,1000,1000
T3_pn_clf,source_patent_id,pub,20260817,pr_auc,0.8870394626136793,0.88832683987494,0.035049184659829466,0.8145449319321317,0.8906637220783836,0.9474260561921793,3240,69,1000,1000
T3_pn_clf,source_patent_id,pub,20260817,balanced_accuracy,0.5123597776036053,0.5135190665420104,0.012915831125949323,0.49454751011707226,0.5123185589064528,0.5444901031479251,3240,69,1000,1000
T3_pn_clf,source_patent_id,pub,20260817,mcc,0.06365344351225735,0.0686273421897657,0.06273659631161804,-0.03607639000315616,0.06457000195331285,0.19779981585348952,3240,69,1000,1000
T3_pn_clf,source_patent_id,pub,20260817,brier,0.13888679929861303,0.1376695949043542,0.031696905417537106,0.0813227938098559,0.13759100263951535,0.20208010093117088,3240,69,1000,1000
T3_pn_clf,source_patent_id,pub,20260817,ece_10bin,0.11224717045731755,0.11300979155158304,0.0319870071853168,0.05944021196925378,0.1118088721532034,0.18037280398417682,3240,69,1000,1000
T3_pn_clf,source_patent_id,pub,20260817,sensitivity,0.9844653179190751,0.9847088723940689,0.007727131789192837,0.9680766806722689,0.9851185923225421,0.9981254755939124,3240,69,1000,1000
T3_pn_clf,source_patent_id,pub,20260817,specificity,0.04025423728813559,0.04232926068995198,0.02566954850096559,0.0,0.03917877026291294,0.1025071549559021,3240,69,1000,1000
T3_pn_clf,source_patent_id,random,20260815,roc_auc,0.600619519692368,0.5988612114482923,0.06353821998791977,0.4760023356358452,0.599416514338555,0.7258480038623829,3240,69,1000,1000
T3_pn_clf,source_patent_id,random,20260815,pr_auc,0.8939739954161865,0.8920397544476555,0.03687571995637887,0.8049979492818942,0.8961662230035091,0.9498310401351118,3240,69,1000,1000
T3_pn_clf,source_patent_id,random,20260815,balanced_accuracy,0.5019716860977761,0.5017020912930444,0.0078013986021973035,0.4876462416830909,0.5013872243788494,0.5182733168986372,3240,69,1000,1000
T3_pn_clf,source_patent_id,random,20260815,mcc,0.012019657387950753,0.01163275631024732,0.04742955712212926,-0.05873932943790279,0.007796576311433327,0.11173929448183914,3240,69,1000,1000
T3_pn_clf,source_patent_id,random,20260815,brier,0.1313780292332636,0.13091364537377942,0.03006488748372867,0.07595286530504339,0.1295864693130384,0.1931274106290486,3240,69,1000,1000
T3_pn_clf,source_patent_id,random,20260815,ece_10bin,0.09057110470064263,0.096688344822186,0.029283227530722173,0.04718262871077815,0.09489342693100618,0.15965247740524086,3240,69,1000,1000
T3_pn_clf,source_patent_id,random,20260815,sensitivity,0.9869942196531792,0.9871282090755248,0.007372347030848895,0.9698545146674964,0.9881424059352389,0.9982984170432831,3240,69,1000,1000
T3_pn_clf,source_patent_id,random,20260815,specificity,0.01694915254237288,0.01627597351056417,0.01467108620507535,0.0,0.016243671564504694,0.04763703064307292,3240,69,1000,1000
T3_pn_clf,source_patent_id,random,20260816,roc_auc,0.5847526513667092,0.5833401805822227,0.07306673407930413,0.4392016531051505,0.5841280085351062,0.7306239974822302,3240,69,1000,1000
T3_pn_clf,source_patent_id,random,20260816,pr_auc,0.8855347472240223,0.884824790855055,0.040572238944965824,0.793189212880908,0.8879715138439368,0.951852356377224,3240,69,1000,1000
T3_pn_clf,source_patent_id,random,20260816,balanced_accuracy,0.5158837072597238,0.5129989874273437,0.019689419770391407,0.48271153088474794,0.5119745744393382,0.5549648591927405,3240,69,1000,1000
T3_pn_clf,source_patent_id,random,20260816,mcc,0.059824414816954455,0.04469123007108875,0.06873948557379332,-0.06262898064907957,0.0471001063798475,0.17505706337756707,3240,69,1000,1000
T3_pn_clf,source_patent_id,random,20260816,brier,0.13599678068479634,0.13610564573863992,0.03183822799040442,0.07533133847723769,0.13473394113813658,0.20096459818173257,3240,69,1000,1000
T3_pn_clf,source_patent_id,random,20260816,ece_10bin,0.10234222050158334,0.10723959008985175,0.03141318235878947,0.05206569155798941,0.10435416910295772,0.17358564492266537,3240,69,1000,1000
T3_pn_clf,source_patent_id,random,20260816,sensitivity,0.9682080924855492,0.9685649521641553,0.014117819758221805,0.9384433992927349,0.9694609802637993,0.9925917260803472,3240,69,1000,1000
T3_pn_clf,source_patent_id,random,20260816,specificity,0.0635593220338983,0.05743302269053218,0.04401818764150087,0.0,0.05769404175179247,0.15344660786146905,3240,69,1000,1000
T3_pn_clf,source_patent_id,random,20260817,roc_auc,0.5977771841628294,0.5932418390201096,0.06255590793909996,0.4676950628488814,0.5933413832283095,0.7137165785947231,3240,69,1000,1000
T3_pn_clf,source_patent_id,random,20260817,pr_auc,0.8990671681636406,0.8968256586268385,0.03233031216535841,0.8272710316733352,0.8997110940050259,0.9502376546964042,3240,69,1000,1000
T3_pn_clf,source_patent_id,random,20260817,balanced_accuracy,0.49412168119917704,0.4939396097623898,0.004973287402585232,0.4825338871459231,0.4942931351080655,0.5022731328053063,3240,69,1000,1000
T3_pn_clf,source_patent_id,random,20260817,mcc,-0.03076436733448281,-0.029238376963512214,0.02170329570009485,-0.07167516805178052,-0.030715996474272006,0.018037686176803847,3240,69,1000,1000
T3_pn_clf,source_patent_id,random,20260817,brier,0.13812761787046535,0.1381089275981046,0.030435549766581138,0.0817798204304932,0.13796235424739295,0.19905282911251265,3240,69,1000,1000
T3_pn_clf,source_patent_id,random,20260817,ece_10bin,0.10927978057276314,0.11404546749689111,0.03134089999091888,0.056178782157215376,0.11291087348217366,0.1777252834965908,3240,69,1000,1000
T3_pn_clf,source_patent_id,random,20260817,sensitivity,0.9797687861271677,0.9797265667300759,0.009205543972755609,0.9595757043198058,0.9805978572719363,0.9949936279274503,3240,69,1000,1000
T3_pn_clf,source_patent_id,random,20260817,specificity,0.00847457627118644,0.008152652794703783,0.005784611527632667,0.0,0.0076726342710997444,0.020357357658380107,3240,69,1000,1000
T3_pn_clf,source_patent_id,scaffold,20260815,roc_auc,0.5845509668609777,0.5808940615790352,0.06986946043695652,0.44247971411254894,0.581451111299448,0.7127308735063879,3240,69,1000,1000
T3_pn_clf,source_patent_id,scaffold,20260815,pr_auc,0.8876459145544473,0.8861774005649249,0.040199833093752774,0.7983502068038804,0.8919354535702667,0.9477403634111009,3240,69,1000,1000
T3_pn_clf,source_patent_id,scaffold,20260815,balanced_accuracy,0.546735696090918,0.54207411834521,0.04337915665017548,0.48601798905347265,0.5424207327897936,0.6338714159570462,3240,69,1000,1000
T3_pn_clf,source_patent_id,scaffold,20260815,mcc,0.1521939552902108,0.11508591552219985,0.11554457529238134,-0.05885262335126549,0.14003990283538847,0.3117360307912572,3240,69,1000,1000
T3_pn_clf,source_patent_id,scaffold,20260815,brier,0.13600946995694072,0.1359200113217819,0.02994011977578148,0.08222131342927412,0.13483619929073792,0.1988004170179219,3240,69,1000,1000
T3_pn_clf,source_patent_id,scaffold,20260815,ece_10bin,0.10672960934677615,0.1115988774124953,0.029501290380953938,0.060168473658410805,0.10969562101677005,0.17713493701412464,3240,69,1000,1000
T3_pn_clf,source_patent_id,scaffold,20260815,sensitivity,0.9642341040462428,0.9643640432657707,0.018315617187799244,0.9257281429600496,0.966632175107488,0.9919743281023172,3240,69,1000,1000
T3_pn_clf,source_patent_id,scaffold,20260815,specificity,0.1292372881355932,0.11978419342464902,0.10165953677787216,0.0,0.11974953278356444,0.33053922892408377,3240,69,1000,1000
T3_pn_clf,source_patent_id,scaffold,20260816,roc_auc,0.5862895868031743,0.5877749094578361,0.07904073683462373,0.4355935507161731,0.5858416990555166,0.7366163069202396,3240,69,1000,1000
T3_pn_clf,source_patent_id,scaffold,20260816,pr_auc,0.8827845090516624,0.8817367127658499,0.04789465642930466,0.773977316428871,0.8853892418046947,0.9581606280961208,3240,69,1000,1000
T3_pn_clf,source_patent_id,scaffold,20260816,balanced_accuracy,0.5192821103164496,0.5182872546231024,0.018635131214602862,0.49309921655283245,0.5181682665605425,0.5607037229896131,3240,69,1000,1000
T3_pn_clf,source_patent_id,scaffold,20260816,mcc,0.1026064156454698,0.08498058265848403,0.08234672903067469,-0.040732502035430274,0.09925921418041742,0.2273628596442291,3240,69,1000,1000
T3_pn_clf,source_patent_id,scaffold,20260816,brier,0.13246847832094444,0.13244058597653208,0.03183374229863704,0.07341815208671389,0.13232926070459944,0.19876348723616502,3240,69,1000,1000
T3_pn_clf,source_patent_id,scaffold,20260816,ece_10bin,0.09610653090072274,0.10395894096543014,0.03174337438656235,0.046558960931555524,0.10232369471011604,0.17001865845096475,3240,69,1000,1000
T3_pn_clf,source_patent_id,scaffold,20260816,sensitivity,0.9877167630057804,0.9877155317919457,0.005295784362046294,0.9773915863688686,0.9882548762470544,0.996637357652083,3240,69,1000,1000
T3_pn_clf,source_patent_id,scaffold,20260816,specificity,0.05084745762711865,0.04885897745425883,0.03988762388057218,0.0,0.04790419161676647,0.13709677419354838,3240,69,1000,1000
T3_pn_clf,source_patent_id,scaffold,20260817,roc_auc,0.5879463082933281,0.5890570488061325,0.0661959571294139,0.45799612927310934,0.5875021648933372,0.7193478542181649,3240,69,1000,1000
T3_pn_clf,source_patent_id,scaffold,20260817,pr_auc,0.8929072917139803,0.8910173638309116,0.038310573659378115,0.8070954736862527,0.895468171787748,0.9501379281470822,3240,69,1000,1000
T3_pn_clf,source_patent_id,scaffold,20260817,balanced_accuracy,0.5042954589987264,0.5041993370353332,0.005034753824389344,0.49535763049624465,0.5039775148483143,0.5149635951227317,3240,69,1000,1000
T3_pn_clf,source_patent_id,scaffold,20260817,mcc,0.028150826731914484,0.027705189878205735,0.03222187688541527,-0.029654437817093295,0.02668077785027351,0.09207042814326417,3240,69,1000,1000
T3_pn_clf,source_patent_id,scaffold,20260817,brier,0.1358433697013662,0.137345794568853,0.03355775042458329,0.07372658897282945,0.13650193924197696,0.20782792414698073,3240,69,1000,1000
T3_pn_clf,source_patent_id,scaffold,20260817,ece_10bin,0.10428319468542385,0.11001382912260169,0.03426257871522712,0.05015027798400804,0.10794653743569492,0.18120231699579023,3240,69,1000,1000
T3_pn_clf,source_patent_id,scaffold,20260817,sensitivity,0.9895231213872833,0.9893299251138794,0.0042904883167488765,0.980188645261269,0.9896639637290465,0.9969929403412254,3240,69,1000,1000
T3_pn_clf,source_patent_id,scaffold,20260817,specificity,0.019067796610169493,0.019068748956787052,0.010144961179844472,0.0024505331329612136,0.018421052631578946,0.04054054054054054,3240,69,1000,1000
T1_pdc50_reg,source_patent_id,poi,20260815,mae,0.7979182722730549,0.8081970497994136,0.11557503519998481,0.6229067538322478,0.7932595669937608,1.0730873578923303,2132,46,1000,1000
T1_pdc50_reg,source_patent_id,poi,20260815,rmse,1.0947629400906331,1.0938890454234889,0.16199582500383275,0.824204700587357,1.0757671938334519,1.461720135309954,2132,46,1000,1000
T1_pdc50_reg,source_patent_id,poi,20260815,r2,-0.36217008248355964,-0.40890988321169186,0.18661453044373852,-0.8566292180124694,-0.38009791918828617,-0.13726240056391883,2132,46,1000,1000
T1_pdc50_reg,source_patent_id,poi,20260815,spearman,0.10114821302418257,0.10162098438088736,0.07838226578298886,-0.0652442867515747,0.10503921737559295,0.242440861886223,2132,46,1000,1000
T1_pdc50_reg,source_patent_id,poi,20260816,mae,0.8604965884867545,0.869626159482854,0.12576728000706847,0.6717431805994644,0.8573753811367173,1.1812863408563412,2132,46,1000,1000
T1_pdc50_reg,source_patent_id,poi,20260816,rmse,1.1795160150523387,1.1705018983986666,0.19861618896882613,0.8774250060287495,1.1495377181579847,1.6299448356976074,2132,46,1000,1000
T1_pdc50_reg,source_patent_id,poi,20260816,r2,-0.5812438412473044,-0.6272773683187868,0.24889405349076613,-1.2039628754172158,-0.607992575910208,-0.2024820997633649,2132,46,1000,1000
T1_pdc50_reg,source_patent_id,poi,20260816,spearman,0.0034596737846484577,0.004409267520123841,0.11002609322842496,-0.21452878905423284,0.0025774750622383157,0.21301265949747034,2132,46,1000,1000
T1_pdc50_reg,source_patent_id,poi,20260817,mae,0.8253892552726256,0.8352152599859719,0.11986156665911576,0.6358998331478146,0.8242780176703917,1.1135342851222083,2132,46,1000,1000
T1_pdc50_reg,source_patent_id,poi,20260817,rmse,1.1312499924406447,1.1315620254447307,0.18060313879179488,0.8405690793581873,1.1147537102006644,1.5338807217769943,2132,46,1000,1000
T1_pdc50_reg,source_patent_id,poi,20260817,r2,-0.4544819689065924,-0.485101711822227,0.19475439696576624,-0.9086870928712152,-0.47396529876897087,-0.1405106291458638,2132,46,1000,1000
T1_pdc50_reg,source_patent_id,poi,20260817,spearman,0.06470501125163347,0.0739052057313028,0.09728388353588678,-0.1244047308856297,0.07447525022293149,0.2520453778412069,2132,46,1000,1000
T1_pdc50_reg,source_patent_id,pub,20260815,mae,0.85911245625709,0.8738249452604979,0.1320407816046848,0.6611209778483139,0.8624024252768586,1.1854129332787195,2132,46,1000,1000
T1_pdc50_reg,source_patent_id,pub,20260815,rmse,1.1753256086875408,1.1768628951160627,0.19219879766531087,0.8692449576593091,1.1562411650017794,1.6202167026587082,2132,46,1000,1000
T1_pdc50_reg,source_patent_id,pub,20260815,r2,-0.5700285899920225,-0.6218477717068749,0.23718948420535466,-1.1468073846139073,-0.593031277940294,-0.23702625823585205,2132,46,1000,1000
T1_pdc50_reg,source_patent_id,pub,20260815,spearman,-0.0002375124751637751,0.01104883403434765,0.09403380088977734,-0.18121050553712187,0.01394315466016658,0.19887452454829424,2132,46,1000,1000
T1_pdc50_reg,source_patent_id,pub,20260816,mae,0.8198500918867414,0.8317175682195246,0.12327146796131842,0.6388968896474266,0.8199182815578225,1.1004267913246306,2132,46,1000,1000
T1_pdc50_reg,source_patent_id,pub,20260816,rmse,1.1229829848736914,1.1215695455384997,0.17795109817830734,0.834074622589116,1.1092601650061353,1.5158664520809557,2132,46,1000,1000
T1_pdc50_reg,source_patent_id,pub,20260816,r2,-0.4333013670296879,-0.4734942270025849,0.21608299981031245,-0.9299747446395739,-0.4616426786410671,-0.09663137918915518,2132,46,1000,1000
T1_pdc50_reg,source_patent_id,pub,20260816,spearman,0.1722052256101197,0.17868568232117582,0.11439682733276729,-0.04367314965445251,0.178312167052266,0.4044919085267217,2132,46,1000,1000
T1_pdc50_reg,source_patent_id,pub,20260817,mae,0.8416814733148593,0.8508444535064305,0.11916387811862099,0.6549009751789776,0.8344769896230526,1.109240330726601,2132,46,1000,1000
T1_pdc50_reg,source_patent_id,pub,20260817,rmse,1.1503674055456905,1.1480709642439442,0.17309891035687505,0.8551262721253483,1.1358716510943518,1.5054809159065707,2132,46,1000,1000
T1_pdc50_reg,source_patent_id,pub,20260817,r2,-0.5040570128388238,-0.5434612799865399,0.18734093989318223,-0.979210804365399,-0.530633097165762,-0.21553106164202937,2132,46,1000,1000
T1_pdc50_reg,source_patent_id,pub,20260817,spearman,0.02300105888046502,0.017701900947604553,0.1152814538612244,-0.18953470230810826,0.013971187019908834,0.24966475226503476,2132,46,1000,1000
T1_pdc50_reg,source_patent_id,random,20260815,mae,0.768994612896454,0.7831753518399257,0.12450161822840057,0.5903963773433042,0.7679581910249089,1.0683126340098836,2132,46,1000,1000
T1_pdc50_reg,source_patent_id,random,20260815,rmse,1.0907678555916929,1.0925650879099467,0.19931056096078992,0.7863072786865106,1.0819050301909114,1.536803842203155,2132,46,1000,1000
T1_pdc50_reg,source_patent_id,random,20260815,r2,-0.3522463725193057,-0.3829481817811796,0.2045093236336533,-0.8285762591179913,-0.36872668327061775,-0.008805602212582432,2132,46,1000,1000
T1_pdc50_reg,source_patent_id,random,20260815,spearman,0.16039411297243766,0.15931842492814413,0.12072306628491711,-0.0833603028901261,0.15579765336498297,0.39542339791799264,2132,46,1000,1000
T1_pdc50_reg,source_patent_id,random,20260816,mae,0.7883342274800355,0.8018411131892726,0.12867579983465635,0.6041076188486798,0.783356463686832,1.0903786924835068,2132,46,1000,1000
T1_pdc50_reg,source_patent_id,random,20260816,rmse,1.1094125601932163,1.1092214723600187,0.19622555692197738,0.8092691780960366,1.0829900177302556,1.5569171624264626,2132,46,1000,1000
T1_pdc50_reg,source_patent_id,random,20260816,r2,-0.3988698823998631,-0.42694108127260005,0.2195078736915505,-0.8935060386135353,-0.404485125232664,-0.06432656746503669,2132,46,1000,1000
T1_pdc50_reg,source_patent_id,random,20260816,spearman,0.11321916538922276,0.12355668051038393,0.1135428493994261,-0.11015564665613561,0.12991181552305647,0.33225050319567706,2132,46,1000,1000
T1_pdc50_reg,source_patent_id,random,20260817,mae,0.8124644874877782,0.8228981929256445,0.11988772910732803,0.6302478647299988,0.8051574571785696,1.0885801737411727,2132,46,1000,1000
T1_pdc50_reg,source_patent_id,random,20260817,rmse,1.1274970686035721,1.1277243844016402,0.18639980373857284,0.8361141811232761,1.118464593273444,1.5245348824603133,2132,46,1000,1000
T1_pdc50_reg,source_patent_id,random,20260817,r2,-0.4448474836967147,-0.47523839838194454,0.2003189767347223,-0.9368824395999633,-0.4586162247178174,-0.14246610452739955,2132,46,1000,1000
T1_pdc50_reg,source_patent_id,random,20260817,spearman,0.09198112794990787,0.09355275798507565,0.09469677675581303,-0.10829453776455288,0.10002991401985545,0.26966159493145364,2132,46,1000,1000
T1_pdc50_reg,source_patent_id,scaffold,20260815,mae,0.8384052744003585,0.8548230098789531,0.12603391721953183,0.6656654498772895,0.8345806360358436,1.1487188560796011,2132,46,1000,1000
T1_pdc50_reg,source_patent_id,scaffold,20260815,rmse,1.1621994887493317,1.1658348504838085,0.2066381612003356,0.859583237544271,1.1500269950489275,1.6245536306818387,2132,46,1000,1000
T1_pdc50_reg,source_patent_id,scaffold,20260815,r2,-0.5351560313055368,-0.5806884255468867,0.26787028747215763,-1.186767080825178,-0.5464175580911202,-0.14427714040158243,2132,46,1000,1000
T1_pdc50_reg,source_patent_id,scaffold,20260815,spearman,0.03651409660469919,0.037719838770072754,0.11546122004578882,-0.1868040151386528,0.0400547400246532,0.2484712708320907,2132,46,1000,1000
T1_pdc50_reg,source_patent_id,scaffold,20260816,mae,0.7796217540822908,0.7837204166824722,0.11160219992869785,0.599694296293133,0.769087461595958,1.0357692728561825,2132,46,1000,1000
T1_pdc50_reg,source_patent_id,scaffold,20260816,rmse,1.0897473053828617,1.076903051521479,0.18378703398522372,0.7905637371992085,1.0545816577370388,1.4933174825025297,2132,46,1000,1000
T1_pdc50_reg,source_patent_id,scaffold,20260816,r2,-0.3497171639206387,-0.36403633567715726,0.19364212486038299,-0.7562528174819219,-0.3576225428557067,-0.03560433742831127,2132,46,1000,1000
T1_pdc50_reg,source_patent_id,scaffold,20260816,spearman,0.18280940659506753,0.18710054273422802,0.10560966093354274,-0.028386087885328953,0.1890201012102058,0.3844593217495225,2132,46,1000,1000
T1_pdc50_reg,source_patent_id,scaffold,20260817,mae,0.7597010412529365,0.7662460204332339,0.106321149998348,0.5931541644423681,0.7535379699006464,1.0105497822967957,2132,46,1000,1000
T1_pdc50_reg,source_patent_id,scaffold,20260817,rmse,1.0421198630070123,1.0391384310488179,0.15803820482217665,0.7824363469006699,1.0191581213678875,1.39572693620094,2132,46,1000,1000
T1_pdc50_reg,source_patent_id,scaffold,20260817,r2,-0.2343164316408497,-0.268370058268566,0.14886815406660878,-0.5914767228786896,-0.25646998880494587,-0.0044098476585388,2132,46,1000,1000
T1_pdc50_reg,source_patent_id,scaffold,20260817,spearman,0.17971137531816855,0.1776702588360261,0.09157495880451176,0.0038269437845379448,0.17741123423227811,0.36284788450638455,2132,46,1000,1000
T2_dmax_reg,source_patent_id,poi,20260815,mae,22.539365870694983,22.25091658839614,2.9362423310880077,17.042387053289332,22.118001572398292,27.83063176552764,2036,31,1000,1000
T2_dmax_reg,source_patent_id,poi,20260815,rmse,30.40912316377545,29.871130903616645,3.4073633057535315,22.959765513311847,30.02873264561476,35.839412268265036,2036,31,1000,1000
T2_dmax_reg,source_patent_id,poi,20260815,r2,-0.12511664668288836,-0.18227663831174767,0.11490840384879353,-0.47538326572814577,-0.1589231772616848,-0.018990152656661104,2036,31,1000,1000
T2_dmax_reg,source_patent_id,poi,20260815,spearman,0.1260199976487517,0.08608273077345228,0.10677322923204413,-0.11967205001791432,0.10090806279420361,0.26201733663312726,2036,31,1000,1000
T2_dmax_reg,source_patent_id,poi,20260816,mae,25.588914562480156,25.837964535500955,3.2978332262419836,20.016488180249503,25.57514416467184,33.05431375375158,2036,31,1000,1000
T2_dmax_reg,source_patent_id,poi,20260816,rmse,65.77988256297742,62.503114098086854,28.380815621958455,26.611085872834728,64.39268329104394,120.47639626709372,2036,31,1000,1000
T2_dmax_reg,source_patent_id,poi,20260816,r2,-4.264728052039587,-5.607408893915758,6.433828670526914,-21.868110607845026,-4.229027603996312,-0.03873223489142625,2036,31,1000,1000
T2_dmax_reg,source_patent_id,poi,20260816,spearman,0.11024094555750441,0.09610028580577366,0.10055530796644827,-0.12763591701936444,0.10891467795604529,0.25839041296973353,2036,31,1000,1000
T2_dmax_reg,source_patent_id,poi,20260817,mae,24.38197846002335,24.249803308736148,2.7011366717167173,19.170510776127518,24.223225129111604,29.43073556924845,2036,31,1000,1000
T2_dmax_reg,source_patent_id,poi,20260817,rmse,31.056609572226954,30.71005981247559,3.2900212291884143,24.1573150088155,30.86066159073456,36.58726397957195,2036,31,1000,1000
T2_dmax_reg,source_patent_id,poi,20260817,r2,-0.17353984544148138,-0.24290767102186414,0.13439851741544012,-0.5435807867888892,-0.22285851585983896,-0.032244792812110415,2036,31,1000,1000
T2_dmax_reg,source_patent_id,poi,20260817,spearman,-0.009424689105368202,-0.028782304494112048,0.09929419603409838,-0.2358959150994057,-0.02004842574816094,0.1336340056834074,2036,31,1000,1000
T2_dmax_reg,source_patent_id,pub,20260815,mae,23.399046854644958,23.03077767072885,2.6278725263050915,17.92438548091678,23.11291394208578,27.990070416444308,2036,31,1000,1000
T2_dmax_reg,source_patent_id,pub,20260815,rmse,30.11830049203201,29.543114848621748,3.1966139443104513,22.906735259053335,29.819336802543038,35.172272649131244,2036,31,1000,1000
T2_dmax_reg,source_patent_id,pub,20260815,r2,-0.10369907625519525,-0.160798783640686,0.11899030854413059,-0.4274568077860842,-0.15128579045982016,0.034825417698894495,2036,31,1000,1000
T2_dmax_reg,source_patent_id,pub,20260815,spearman,0.05645984692514365,0.02243809511905906,0.11593503348500507,-0.22125288000522403,0.03277383393537433,0.21455595500699742,2036,31,1000,1000
T2_dmax_reg,source_patent_id,pub,20260816,mae,28.86169962540123,29.338489672841543,6.51971640342396,20.564104308693747,28.078615070269315,44.29052950981908,2036,31,1000,1000
T2_dmax_reg,source_patent_id,pub,20260816,rmse,92.5597018885074,84.69353582915211,49.43307162715531,25.878232523795,88.68177488389641,179.5999705021352,2036,31,1000,1000
T2_dmax_reg,source_patent_id,pub,20260816,r2,-9.423981922307965,-12.343728361708425,14.940179188478329,-53.32409283786712,-8.88772369646151,0.00562306632106829,2036,31,1000,1000
T2_dmax_reg,source_patent_id,pub,20260816,spearman,0.11786660791150476,0.1050659511849264,0.10322360922325705,-0.10503765166314424,0.11419491549238772,0.27934077603251833,2036,31,1000,1000
T2_dmax_reg,source_patent_id,pub,20260817,mae,23.153690282225842,22.971185968224585,2.5083605561286793,18.19884120315316,23.0322265433063,27.57339508904173,2036,31,1000,1000
T2_dmax_reg,source_patent_id,pub,20260817,rmse,29.828471041031246,29.47695396543661,2.9287671631201024,23.469823360693375,29.64792014722893,34.71136774318327,2036,31,1000,1000
T2_dmax_reg,source_patent_id,pub,20260817,r2,-0.08255941283926149,-0.14372407667994083,0.10463083097696489,-0.36204593335249463,-0.13328572076260203,0.028295121983060296,2036,31,1000,1000
T2_dmax_reg,source_patent_id,pub,20260817,spearman,0.10824314028152748,0.08447201701388865,0.09626619090646443,-0.12784779271208363,0.09399429228849217,0.24595858953110428,2036,31,1000,1000
T2_dmax_reg,source_patent_id,random,20260815,mae,21.949354459991156,21.738006347387458,2.597682156459382,16.97638095525664,21.634133330762225,26.945120914838572,2036,31,1000,1000
T2_dmax_reg,source_patent_id,random,20260815,rmse,28.728235109619796,28.33750989365247,3.068418804130417,22.157947814497998,28.406360382980615,34.09991210109176,2036,31,1000,1000
T2_dmax_reg,source_patent_id,random,20260815,r2,-0.004170937303668909,-0.05793613312023737,0.11004725095484438,-0.3239761609888741,-0.0457087584908874,0.11043871150408352,2036,31,1000,1000
T2_dmax_reg,source_patent_id,random,20260815,spearman,0.25244197727817147,0.2079778192414881,0.10465532982131606,-0.006378713215821245,0.21228759955395216,0.3908589038286956,2036,31,1000,1000
T2_dmax_reg,source_patent_id,random,20260816,mae,23.036251792308157,22.818707163746254,2.7042000682223564,17.74766048184287,22.76015967417471,28.03308444930876,2036,31,1000,1000
T2_dmax_reg,source_patent_id,random,20260816,rmse,29.42508943351708,28.91773434949507,3.4328577533123705,22.401483127414554,29.103465424252555,35.10464131731163,2036,31,1000,1000
T2_dmax_reg,source_patent_id,random,20260816,r2,-0.053477678745623036,-0.09936121806930712,0.1166227950794464,-0.391099345255199,-0.07523870339982797,0.06319898513542312,2036,31,1000,1000
T2_dmax_reg,source_patent_id,random,20260816,spearman,0.1062405401291553,0.09370709167645547,0.07712928456754477,-0.0790994905128713,0.0994083940254512,0.23397219541289332,2036,31,1000,1000
T2_dmax_reg,source_patent_id,random,20260817,mae,22.39247517359046,22.22067779833722,3.2142294981328905,16.435909199625183,22.047642481388895,28.80773955986548,2036,31,1000,1000
T2_dmax_reg,source_patent_id,random,20260817,rmse,29.881332765811973,29.418626048239386,3.7308699176396645,22.2452597850387,29.46338223718238,36.252463758928435,2036,31,1000,1000
T2_dmax_reg,source_patent_id,random,20260817,r2,-0.0863998152053731,-0.1354717193091929,0.13674131588773672,-0.47484761208593435,-0.10646139288125323,0.05055683472319398,2036,31,1000,1000
T2_dmax_reg,source_patent_id,random,20260817,spearman,0.20560987710954942,0.16473987752912933,0.10108591560974955,-0.05157392162855734,0.1781851267288869,0.3210033077872016,2036,31,1000,1000
T2_dmax_reg,source_patent_id,scaffold,20260815,mae,30.38189321993845,30.607461601798846,6.882902688414529,20.416968830643906,29.504754580465324,47.07997761677709,2036,31,1000,1000
T2_dmax_reg,source_patent_id,scaffold,20260815,rmse,94.54323155791324,86.58163327343266,47.01050533610678,28.525105514313584,89.53109988352952,193.05910612969387,2036,31,1000,1000
T2_dmax_reg,source_patent_id,scaffold,20260815,r2,-9.87553525575442,-12.358150125424437,14.476127939742934,-57.47239313494282,-9.031962229362106,-0.19655943996069083,2036,31,1000,1000
T2_dmax_reg,source_patent_id,scaffold,20260815,spearman,-0.09451729991078722,-0.08876336356295028,0.06847948856620424,-0.20638452825578749,-0.09335348961153526,0.06073073824279778,2036,31,1000,1000
T2_dmax_reg,source_patent_id,scaffold,20260816,mae,25.616675497778274,25.588873228488815,4.106668894832281,18.45013790732417,25.528704193664353,34.376722622860036,2036,31,1000,1000
T2_dmax_reg,source_patent_id,scaffold,20260816,rmse,72.28303884370324,67.0288458586757,31.780808585083864,24.091987697533366,70.21009109090912,132.23501005400334,2036,31,1000,1000
T2_dmax_reg,source_patent_id,scaffold,20260816,r2,-5.357151478635372,-6.698141429127508,7.493572565527195,-27.833702945656384,-5.089785136676889,0.061151014021931224,2036,31,1000,1000
T2_dmax_reg,source_patent_id,scaffold,20260816,spearman,0.16988374097214415,0.14621512252027877,0.10993243082428632,-0.0789947387538179,0.1594626077008319,0.319230213330201,2036,31,1000,1000
T2_dmax_reg,source_patent_id,scaffold,20260817,mae,24.59909345701776,24.19266745067419,3.4782993903101307,18.315782278259736,24.01904022595791,31.417961122570606,2036,31,1000,1000
T2_dmax_reg,source_patent_id,scaffold,20260817,rmse,31.427158916982847,30.61704498700013,4.294424595403898,22.800251143850083,30.676873430537064,38.73334502742344,2036,31,1000,1000
T2_dmax_reg,source_patent_id,scaffold,20260817,r2,-0.20171089446520551,-0.2366118097559937,0.1846323227418823,-0.6847039564710116,-0.1992848273017419,0.026808238898358414,2036,31,1000,1000
T2_dmax_reg,source_patent_id,scaffold,20260817,spearman,-0.06316033993460697,-0.03920373663687958,0.1228882571269976,-0.251840789431601,-0.05675367460536211,0.2338588536320501,2036,31,1000,1000
