task,kind,split_regime,seed,split_family,training_role,n_train,n_external,n_train_positive,n_train_negative,model_path,model_sha256,internal_dataset_sha256,internal_feature_sha256,manifest_sha256,external_cohort_sha256,external_feature_sha256,threshold_primary,n_estimators,max_depth,learning_rate,subsample,colsample_bytree
T1_pdc50_reg,reg,random,20260815,all_records_3way,train,1585,2132,,,external_results/models/T1_pdc50_reg__random__seed20260815.json,12bef266b50ea727d261b256291ca3477bb0498bce9961ea83a8510ed587ab88,b6b0b6b75c9b8f1ca8efdefedea0ff133cf4847c68839a50f99dd6b02412603b,4261f04f9c55c283723af6c837677b9122a67f423f7fba4fc50b4674ef3f81c9,c0606e43f69a702f0bf7e70ec1836a5949221b306d809da4c54bb845419bff62,7850c45f1ef6d537a4f606552d3ad48f8311fc85a57582377d678f55c6b4d7b7,215535f3f29e036c8c262bebb35464ba4b6a605f971ec9b6069da3686ecb7114,,300,6,0.05,0.8,0.8
T2_dmax_reg,reg,random,20260815,all_records_3way,train,1079,2036,,,external_results/models/T2_dmax_reg__random__seed20260815.json,7b6aafb438bc57ab010d2d84440c2150218070dc46a7702d76738814fea1057e,b6b0b6b75c9b8f1ca8efdefedea0ff133cf4847c68839a50f99dd6b02412603b,4261f04f9c55c283723af6c837677b9122a67f423f7fba4fc50b4674ef3f81c9,c0606e43f69a702f0bf7e70ec1836a5949221b306d809da4c54bb845419bff62,7850c45f1ef6d537a4f606552d3ad48f8311fc85a57582377d678f55c6b4d7b7,215535f3f29e036c8c262bebb35464ba4b6a605f971ec9b6069da3686ecb7114,,300,6,0.05,0.8,0.8
T3_pn_clf,clf,random,20260815,all_records_3way,train,1817,3240,1511.0,306.0,external_results/models/T3_pn_clf__random__seed20260815.json,0866a5387826eef4424a072fdb5a3442c14222a770e82fb1c107972fb25e6a8d,b6b0b6b75c9b8f1ca8efdefedea0ff133cf4847c68839a50f99dd6b02412603b,4261f04f9c55c283723af6c837677b9122a67f423f7fba4fc50b4674ef3f81c9,c0606e43f69a702f0bf7e70ec1836a5949221b306d809da4c54bb845419bff62,7850c45f1ef6d537a4f606552d3ad48f8311fc85a57582377d678f55c6b4d7b7,215535f3f29e036c8c262bebb35464ba4b6a605f971ec9b6069da3686ecb7114,0.5,300,6,0.05,0.8,0.8
T1_pdc50_reg,reg,random,20260816,all_records_3way,train,1598,2132,,,external_results/models/T1_pdc50_reg__random__seed20260816.json,b62d76b63d97e869f093ce34cf0070917da8f5fdb7f63025f8c02dfaa761e18a,b6b0b6b75c9b8f1ca8efdefedea0ff133cf4847c68839a50f99dd6b02412603b,4261f04f9c55c283723af6c837677b9122a67f423f7fba4fc50b4674ef3f81c9,c0606e43f69a702f0bf7e70ec1836a5949221b306d809da4c54bb845419bff62,7850c45f1ef6d537a4f606552d3ad48f8311fc85a57582377d678f55c6b4d7b7,215535f3f29e036c8c262bebb35464ba4b6a605f971ec9b6069da3686ecb7114,,300,6,0.05,0.8,0.8
T2_dmax_reg,reg,random,20260816,all_records_3way,train,1095,2036,,,external_results/models/T2_dmax_reg__random__seed20260816.json,edbd30ea9bf89bdc73008641ce1637d1ea3f81ea2ddf74f71d37aed8b613daa7,b6b0b6b75c9b8f1ca8efdefedea0ff133cf4847c68839a50f99dd6b02412603b,4261f04f9c55c283723af6c837677b9122a67f423f7fba4fc50b4674ef3f81c9,c0606e43f69a702f0bf7e70ec1836a5949221b306d809da4c54bb845419bff62,7850c45f1ef6d537a4f606552d3ad48f8311fc85a57582377d678f55c6b4d7b7,215535f3f29e036c8c262bebb35464ba4b6a605f971ec9b6069da3686ecb7114,,300,6,0.05,0.8,0.8
T3_pn_clf,clf,random,20260816,all_records_3way,train,1837,3240,1522.0,315.0,external_results/models/T3_pn_clf__random__seed20260816.json,e7a13d1c9bd3ae772a85e498fdda06567a73cf3aa2f4abe76d42232ad76986c1,b6b0b6b75c9b8f1ca8efdefedea0ff133cf4847c68839a50f99dd6b02412603b,4261f04f9c55c283723af6c837677b9122a67f423f7fba4fc50b4674ef3f81c9,c0606e43f69a702f0bf7e70ec1836a5949221b306d809da4c54bb845419bff62,7850c45f1ef6d537a4f606552d3ad48f8311fc85a57582377d678f55c6b4d7b7,215535f3f29e036c8c262bebb35464ba4b6a605f971ec9b6069da3686ecb7114,0.5,300,6,0.05,0.8,0.8
T1_pdc50_reg,reg,random,20260817,all_records_3way,train,1566,2132,,,external_results/models/T1_pdc50_reg__random__seed20260817.json,4c9a586661a4d5f3a760024953d98411f56aa5302065b69d118060ae6bffb9d6,b6b0b6b75c9b8f1ca8efdefedea0ff133cf4847c68839a50f99dd6b02412603b,4261f04f9c55c283723af6c837677b9122a67f423f7fba4fc50b4674ef3f81c9,c0606e43f69a702f0bf7e70ec1836a5949221b306d809da4c54bb845419bff62,7850c45f1ef6d537a4f606552d3ad48f8311fc85a57582377d678f55c6b4d7b7,215535f3f29e036c8c262bebb35464ba4b6a605f971ec9b6069da3686ecb7114,,300,6,0.05,0.8,0.8
T2_dmax_reg,reg,random,20260817,all_records_3way,train,1071,2036,,,external_results/models/T2_dmax_reg__random__seed20260817.json,1b53e82815d996384633543150d62998a8863534ed00449580790e7d673df044,b6b0b6b75c9b8f1ca8efdefedea0ff133cf4847c68839a50f99dd6b02412603b,4261f04f9c55c283723af6c837677b9122a67f423f7fba4fc50b4674ef3f81c9,c0606e43f69a702f0bf7e70ec1836a5949221b306d809da4c54bb845419bff62,7850c45f1ef6d537a4f606552d3ad48f8311fc85a57582377d678f55c6b4d7b7,215535f3f29e036c8c262bebb35464ba4b6a605f971ec9b6069da3686ecb7114,,300,6,0.05,0.8,0.8
T3_pn_clf,clf,random,20260817,all_records_3way,train,1807,3240,1486.0,321.0,external_results/models/T3_pn_clf__random__seed20260817.json,9b4b32082e20ac4df307f0a1ed37093ed2e35f033250ea1fd81373e8e9d62929,b6b0b6b75c9b8f1ca8efdefedea0ff133cf4847c68839a50f99dd6b02412603b,4261f04f9c55c283723af6c837677b9122a67f423f7fba4fc50b4674ef3f81c9,c0606e43f69a702f0bf7e70ec1836a5949221b306d809da4c54bb845419bff62,7850c45f1ef6d537a4f606552d3ad48f8311fc85a57582377d678f55c6b4d7b7,215535f3f29e036c8c262bebb35464ba4b6a605f971ec9b6069da3686ecb7114,0.5,300,6,0.05,0.8,0.8
T1_pdc50_reg,reg,scaffold,20260815,all_records_3way,train,1513,2132,,,external_results/models/T1_pdc50_reg__scaffold__seed20260815.json,77430ed4651f8e61b78375a7719febde32b5cadfc0325d32e6b78356c4727950,b6b0b6b75c9b8f1ca8efdefedea0ff133cf4847c68839a50f99dd6b02412603b,4261f04f9c55c283723af6c837677b9122a67f423f7fba4fc50b4674ef3f81c9,c0606e43f69a702f0bf7e70ec1836a5949221b306d809da4c54bb845419bff62,7850c45f1ef6d537a4f606552d3ad48f8311fc85a57582377d678f55c6b4d7b7,215535f3f29e036c8c262bebb35464ba4b6a605f971ec9b6069da3686ecb7114,,300,6,0.05,0.8,0.8
T2_dmax_reg,reg,scaffold,20260815,all_records_3way,train,1003,2036,,,external_results/models/T2_dmax_reg__scaffold__seed20260815.json,c12440dbd746148cb9937d000bbb02928c4db810d03317b3bcc8ee85183fbe8a,b6b0b6b75c9b8f1ca8efdefedea0ff133cf4847c68839a50f99dd6b02412603b,4261f04f9c55c283723af6c837677b9122a67f423f7fba4fc50b4674ef3f81c9,c0606e43f69a702f0bf7e70ec1836a5949221b306d809da4c54bb845419bff62,7850c45f1ef6d537a4f606552d3ad48f8311fc85a57582377d678f55c6b4d7b7,215535f3f29e036c8c262bebb35464ba4b6a605f971ec9b6069da3686ecb7114,,300,6,0.05,0.8,0.8
T3_pn_clf,clf,scaffold,20260815,all_records_3way,train,1756,3240,1440.0,316.0,external_results/models/T3_pn_clf__scaffold__seed20260815.json,bea711401590ed2e67acb6cb7bb3d1b9443b3f9af0d4289f59f631a600e76cb6,b6b0b6b75c9b8f1ca8efdefedea0ff133cf4847c68839a50f99dd6b02412603b,4261f04f9c55c283723af6c837677b9122a67f423f7fba4fc50b4674ef3f81c9,c0606e43f69a702f0bf7e70ec1836a5949221b306d809da4c54bb845419bff62,7850c45f1ef6d537a4f606552d3ad48f8311fc85a57582377d678f55c6b4d7b7,215535f3f29e036c8c262bebb35464ba4b6a605f971ec9b6069da3686ecb7114,0.5,300,6,0.05,0.8,0.8
T1_pdc50_reg,reg,scaffold,20260816,all_records_3way,train,1635,2132,,,external_results/models/T1_pdc50_reg__scaffold__seed20260816.json,7b293589a743e3a8d98a3ec0db34b1b2d2bc2f99a90370e6636c9fa8a69b93f2,b6b0b6b75c9b8f1ca8efdefedea0ff133cf4847c68839a50f99dd6b02412603b,4261f04f9c55c283723af6c837677b9122a67f423f7fba4fc50b4674ef3f81c9,c0606e43f69a702f0bf7e70ec1836a5949221b306d809da4c54bb845419bff62,7850c45f1ef6d537a4f606552d3ad48f8311fc85a57582377d678f55c6b4d7b7,215535f3f29e036c8c262bebb35464ba4b6a605f971ec9b6069da3686ecb7114,,300,6,0.05,0.8,0.8
T2_dmax_reg,reg,scaffold,20260816,all_records_3way,train,1109,2036,,,external_results/models/T2_dmax_reg__scaffold__seed20260816.json,61a72e9918b5130557f13e21893e89c3f0125538587b6db97264b2804198426d,b6b0b6b75c9b8f1ca8efdefedea0ff133cf4847c68839a50f99dd6b02412603b,4261f04f9c55c283723af6c837677b9122a67f423f7fba4fc50b4674ef3f81c9,c0606e43f69a702f0bf7e70ec1836a5949221b306d809da4c54bb845419bff62,7850c45f1ef6d537a4f606552d3ad48f8311fc85a57582377d678f55c6b4d7b7,215535f3f29e036c8c262bebb35464ba4b6a605f971ec9b6069da3686ecb7114,,300,6,0.05,0.8,0.8
T3_pn_clf,clf,scaffold,20260816,all_records_3way,train,1881,3240,1559.0,322.0,external_results/models/T3_pn_clf__scaffold__seed20260816.json,713c6d571ee23ab3cae595a01b64ea9dd406995ace1871bf6d06bad22f981454,b6b0b6b75c9b8f1ca8efdefedea0ff133cf4847c68839a50f99dd6b02412603b,4261f04f9c55c283723af6c837677b9122a67f423f7fba4fc50b4674ef3f81c9,c0606e43f69a702f0bf7e70ec1836a5949221b306d809da4c54bb845419bff62,7850c45f1ef6d537a4f606552d3ad48f8311fc85a57582377d678f55c6b4d7b7,215535f3f29e036c8c262bebb35464ba4b6a605f971ec9b6069da3686ecb7114,0.5,300,6,0.05,0.8,0.8
T1_pdc50_reg,reg,scaffold,20260817,all_records_3way,train,1575,2132,,,external_results/models/T1_pdc50_reg__scaffold__seed20260817.json,d423cd4cdb743a0f1a27ee9cb6e9900301da7504313df100c0fba1ed74906648,b6b0b6b75c9b8f1ca8efdefedea0ff133cf4847c68839a50f99dd6b02412603b,4261f04f9c55c283723af6c837677b9122a67f423f7fba4fc50b4674ef3f81c9,c0606e43f69a702f0bf7e70ec1836a5949221b306d809da4c54bb845419bff62,7850c45f1ef6d537a4f606552d3ad48f8311fc85a57582377d678f55c6b4d7b7,215535f3f29e036c8c262bebb35464ba4b6a605f971ec9b6069da3686ecb7114,,300,6,0.05,0.8,0.8
T2_dmax_reg,reg,scaffold,20260817,all_records_3way,train,1077,2036,,,external_results/models/T2_dmax_reg__scaffold__seed20260817.json,df0ead08e49e8c7a10a480f48eceec67f543708c370f811da9cb12a8c2eb9e76,b6b0b6b75c9b8f1ca8efdefedea0ff133cf4847c68839a50f99dd6b02412603b,4261f04f9c55c283723af6c837677b9122a67f423f7fba4fc50b4674ef3f81c9,c0606e43f69a702f0bf7e70ec1836a5949221b306d809da4c54bb845419bff62,7850c45f1ef6d537a4f606552d3ad48f8311fc85a57582377d678f55c6b4d7b7,215535f3f29e036c8c262bebb35464ba4b6a605f971ec9b6069da3686ecb7114,,300,6,0.05,0.8,0.8
T3_pn_clf,clf,scaffold,20260817,all_records_3way,train,1784,3240,1447.0,337.0,external_results/models/T3_pn_clf__scaffold__seed20260817.json,6c07750cbebab5509c6674b0b5eca06140f86b9960d56ffa9c55471aaa16b288,b6b0b6b75c9b8f1ca8efdefedea0ff133cf4847c68839a50f99dd6b02412603b,4261f04f9c55c283723af6c837677b9122a67f423f7fba4fc50b4674ef3f81c9,c0606e43f69a702f0bf7e70ec1836a5949221b306d809da4c54bb845419bff62,7850c45f1ef6d537a4f606552d3ad48f8311fc85a57582377d678f55c6b4d7b7,215535f3f29e036c8c262bebb35464ba4b6a605f971ec9b6069da3686ecb7114,0.5,300,6,0.05,0.8,0.8
T1_pdc50_reg,reg,pub,20260815,all_records_3way,train,1411,2132,,,external_results/models/T1_pdc50_reg__pub__seed20260815.json,4a3087b5fb17c9e3f0c9b28dc19aeedb836058b1d1220f7a4e9ab6f90f2d8784,b6b0b6b75c9b8f1ca8efdefedea0ff133cf4847c68839a50f99dd6b02412603b,4261f04f9c55c283723af6c837677b9122a67f423f7fba4fc50b4674ef3f81c9,c0606e43f69a702f0bf7e70ec1836a5949221b306d809da4c54bb845419bff62,7850c45f1ef6d537a4f606552d3ad48f8311fc85a57582377d678f55c6b4d7b7,215535f3f29e036c8c262bebb35464ba4b6a605f971ec9b6069da3686ecb7114,,300,6,0.05,0.8,0.8
T2_dmax_reg,reg,pub,20260815,all_records_3way,train,1083,2036,,,external_results/models/T2_dmax_reg__pub__seed20260815.json,24a787e9b2ec621eb3e98fb399e5a9acc42b28ff34b88b7a5eb351707d7d0dc2,b6b0b6b75c9b8f1ca8efdefedea0ff133cf4847c68839a50f99dd6b02412603b,4261f04f9c55c283723af6c837677b9122a67f423f7fba4fc50b4674ef3f81c9,c0606e43f69a702f0bf7e70ec1836a5949221b306d809da4c54bb845419bff62,7850c45f1ef6d537a4f606552d3ad48f8311fc85a57582377d678f55c6b4d7b7,215535f3f29e036c8c262bebb35464ba4b6a605f971ec9b6069da3686ecb7114,,300,6,0.05,0.8,0.8
T3_pn_clf,clf,pub,20260815,all_records_3way,train,1432,3240,1120.0,312.0,external_results/models/T3_pn_clf__pub__seed20260815.json,24a5c55cf7fcd413c82136f67fd25c6afa208b26102da735ab3fad40e581a45d,b6b0b6b75c9b8f1ca8efdefedea0ff133cf4847c68839a50f99dd6b02412603b,4261f04f9c55c283723af6c837677b9122a67f423f7fba4fc50b4674ef3f81c9,c0606e43f69a702f0bf7e70ec1836a5949221b306d809da4c54bb845419bff62,7850c45f1ef6d537a4f606552d3ad48f8311fc85a57582377d678f55c6b4d7b7,215535f3f29e036c8c262bebb35464ba4b6a605f971ec9b6069da3686ecb7114,0.5,300,6,0.05,0.8,0.8
T1_pdc50_reg,reg,pub,20260816,all_records_3way,train,1694,2132,,,external_results/models/T1_pdc50_reg__pub__seed20260816.json,5b9db42c78d452b9f0dac9cf283af46a82ef41c4de9bc16a4f0b43ffc0f9af2e,b6b0b6b75c9b8f1ca8efdefedea0ff133cf4847c68839a50f99dd6b02412603b,4261f04f9c55c283723af6c837677b9122a67f423f7fba4fc50b4674ef3f81c9,c0606e43f69a702f0bf7e70ec1836a5949221b306d809da4c54bb845419bff62,7850c45f1ef6d537a4f606552d3ad48f8311fc85a57582377d678f55c6b4d7b7,215535f3f29e036c8c262bebb35464ba4b6a605f971ec9b6069da3686ecb7114,,300,6,0.05,0.8,0.8
T2_dmax_reg,reg,pub,20260816,all_records_3way,train,1047,2036,,,external_results/models/T2_dmax_reg__pub__seed20260816.json,ed2a006db75676c1246578640670413870763d46c223ccfa2c1779b33ff93310,b6b0b6b75c9b8f1ca8efdefedea0ff133cf4847c68839a50f99dd6b02412603b,4261f04f9c55c283723af6c837677b9122a67f423f7fba4fc50b4674ef3f81c9,c0606e43f69a702f0bf7e70ec1836a5949221b306d809da4c54bb845419bff62,7850c45f1ef6d537a4f606552d3ad48f8311fc85a57582377d678f55c6b4d7b7,215535f3f29e036c8c262bebb35464ba4b6a605f971ec9b6069da3686ecb7114,,300,6,0.05,0.8,0.8
T3_pn_clf,clf,pub,20260816,all_records_3way,train,2110,3240,1715.0,395.0,external_results/models/T3_pn_clf__pub__seed20260816.json,ba55ac06d1f0c66f6e2f83e2709e94b1f212b408679df7a2541120b579986bab,b6b0b6b75c9b8f1ca8efdefedea0ff133cf4847c68839a50f99dd6b02412603b,4261f04f9c55c283723af6c837677b9122a67f423f7fba4fc50b4674ef3f81c9,c0606e43f69a702f0bf7e70ec1836a5949221b306d809da4c54bb845419bff62,7850c45f1ef6d537a4f606552d3ad48f8311fc85a57582377d678f55c6b4d7b7,215535f3f29e036c8c262bebb35464ba4b6a605f971ec9b6069da3686ecb7114,0.5,300,6,0.05,0.8,0.8
T1_pdc50_reg,reg,pub,20260817,all_records_3way,train,1370,2132,,,external_results/models/T1_pdc50_reg__pub__seed20260817.json,d1a3403e429b6e07cb88a00b048ad404153bafa54b0dd69d8987aabfde8267b2,b6b0b6b75c9b8f1ca8efdefedea0ff133cf4847c68839a50f99dd6b02412603b,4261f04f9c55c283723af6c837677b9122a67f423f7fba4fc50b4674ef3f81c9,c0606e43f69a702f0bf7e70ec1836a5949221b306d809da4c54bb845419bff62,7850c45f1ef6d537a4f606552d3ad48f8311fc85a57582377d678f55c6b4d7b7,215535f3f29e036c8c262bebb35464ba4b6a605f971ec9b6069da3686ecb7114,,300,6,0.05,0.8,0.8
T2_dmax_reg,reg,pub,20260817,all_records_3way,train,1015,2036,,,external_results/models/T2_dmax_reg__pub__seed20260817.json,ab8d5f8860e3063ff32ff50241afa6bff0785c10b2bbff5a0ae3786a8ddcfac7,b6b0b6b75c9b8f1ca8efdefedea0ff133cf4847c68839a50f99dd6b02412603b,4261f04f9c55c283723af6c837677b9122a67f423f7fba4fc50b4674ef3f81c9,c0606e43f69a702f0bf7e70ec1836a5949221b306d809da4c54bb845419bff62,7850c45f1ef6d537a4f606552d3ad48f8311fc85a57582377d678f55c6b4d7b7,215535f3f29e036c8c262bebb35464ba4b6a605f971ec9b6069da3686ecb7114,,300,6,0.05,0.8,0.8
T3_pn_clf,clf,pub,20260817,all_records_3way,train,1385,3240,1101.0,284.0,external_results/models/T3_pn_clf__pub__seed20260817.json,8b18d4f718d5eabb16fb78e694ec079c2b7377fb5c0d7172d5171324b4a7e3b0,b6b0b6b75c9b8f1ca8efdefedea0ff133cf4847c68839a50f99dd6b02412603b,4261f04f9c55c283723af6c837677b9122a67f423f7fba4fc50b4674ef3f81c9,c0606e43f69a702f0bf7e70ec1836a5949221b306d809da4c54bb845419bff62,7850c45f1ef6d537a4f606552d3ad48f8311fc85a57582377d678f55c6b4d7b7,215535f3f29e036c8c262bebb35464ba4b6a605f971ec9b6069da3686ecb7114,0.5,300,6,0.05,0.8,0.8
T1_pdc50_reg,reg,poi,20260815,all_records_3way,train,1738,2132,,,external_results/models/T1_pdc50_reg__poi__seed20260815.json,e4fb7c0533a828599e6f4c388fb3e751140eb4fa1776bacc3d50a31afe3bea24,b6b0b6b75c9b8f1ca8efdefedea0ff133cf4847c68839a50f99dd6b02412603b,4261f04f9c55c283723af6c837677b9122a67f423f7fba4fc50b4674ef3f81c9,c0606e43f69a702f0bf7e70ec1836a5949221b306d809da4c54bb845419bff62,7850c45f1ef6d537a4f606552d3ad48f8311fc85a57582377d678f55c6b4d7b7,215535f3f29e036c8c262bebb35464ba4b6a605f971ec9b6069da3686ecb7114,,300,6,0.05,0.8,0.8
T2_dmax_reg,reg,poi,20260815,all_records_3way,train,1113,2036,,,external_results/models/T2_dmax_reg__poi__seed20260815.json,e8d645a54654faefbcf6e69783781704be804bd1994e377e7f1647c768381af6,b6b0b6b75c9b8f1ca8efdefedea0ff133cf4847c68839a50f99dd6b02412603b,4261f04f9c55c283723af6c837677b9122a67f423f7fba4fc50b4674ef3f81c9,c0606e43f69a702f0bf7e70ec1836a5949221b306d809da4c54bb845419bff62,7850c45f1ef6d537a4f606552d3ad48f8311fc85a57582377d678f55c6b4d7b7,215535f3f29e036c8c262bebb35464ba4b6a605f971ec9b6069da3686ecb7114,,300,6,0.05,0.8,0.8
T3_pn_clf,clf,poi,20260815,all_records_3way,train,1959,3240,1654.0,305.0,external_results/models/T3_pn_clf__poi__seed20260815.json,f92898ecca8a09ab3d4b1143c895135aaa5bf7d56216432cff321b69b6e8bf64,b6b0b6b75c9b8f1ca8efdefedea0ff133cf4847c68839a50f99dd6b02412603b,4261f04f9c55c283723af6c837677b9122a67f423f7fba4fc50b4674ef3f81c9,c0606e43f69a702f0bf7e70ec1836a5949221b306d809da4c54bb845419bff62,7850c45f1ef6d537a4f606552d3ad48f8311fc85a57582377d678f55c6b4d7b7,215535f3f29e036c8c262bebb35464ba4b6a605f971ec9b6069da3686ecb7114,0.5,300,6,0.05,0.8,0.8
T1_pdc50_reg,reg,poi,20260816,all_records_3way,train,1506,2132,,,external_results/models/T1_pdc50_reg__poi__seed20260816.json,60bab9a609bed58ba4531c723cb2284fde3471a9c67bd314f8b2273a92676805,b6b0b6b75c9b8f1ca8efdefedea0ff133cf4847c68839a50f99dd6b02412603b,4261f04f9c55c283723af6c837677b9122a67f423f7fba4fc50b4674ef3f81c9,c0606e43f69a702f0bf7e70ec1836a5949221b306d809da4c54bb845419bff62,7850c45f1ef6d537a4f606552d3ad48f8311fc85a57582377d678f55c6b4d7b7,215535f3f29e036c8c262bebb35464ba4b6a605f971ec9b6069da3686ecb7114,,300,6,0.05,0.8,0.8
T2_dmax_reg,reg,poi,20260816,all_records_3way,train,1031,2036,,,external_results/models/T2_dmax_reg__poi__seed20260816.json,25d84c2a066159cb9ea6365526c05612d8a687ea9d816c3940ba0a8f74c41937,b6b0b6b75c9b8f1ca8efdefedea0ff133cf4847c68839a50f99dd6b02412603b,4261f04f9c55c283723af6c837677b9122a67f423f7fba4fc50b4674ef3f81c9,c0606e43f69a702f0bf7e70ec1836a5949221b306d809da4c54bb845419bff62,7850c45f1ef6d537a4f606552d3ad48f8311fc85a57582377d678f55c6b4d7b7,215535f3f29e036c8c262bebb35464ba4b6a605f971ec9b6069da3686ecb7114,,300,6,0.05,0.8,0.8
T3_pn_clf,clf,poi,20260816,all_records_3way,train,1855,3240,1523.0,332.0,external_results/models/T3_pn_clf__poi__seed20260816.json,91a313c0be4e0002437691bf466caa14a333196ca3164268d8e21d24295f6c9c,b6b0b6b75c9b8f1ca8efdefedea0ff133cf4847c68839a50f99dd6b02412603b,4261f04f9c55c283723af6c837677b9122a67f423f7fba4fc50b4674ef3f81c9,c0606e43f69a702f0bf7e70ec1836a5949221b306d809da4c54bb845419bff62,7850c45f1ef6d537a4f606552d3ad48f8311fc85a57582377d678f55c6b4d7b7,215535f3f29e036c8c262bebb35464ba4b6a605f971ec9b6069da3686ecb7114,0.5,300,6,0.05,0.8,0.8
T1_pdc50_reg,reg,poi,20260817,all_records_3way,train,1843,2132,,,external_results/models/T1_pdc50_reg__poi__seed20260817.json,60aa3b18799b14a9549d507dfdbd3259ac4e68455f680613ed871ff2f131ec11,b6b0b6b75c9b8f1ca8efdefedea0ff133cf4847c68839a50f99dd6b02412603b,4261f04f9c55c283723af6c837677b9122a67f423f7fba4fc50b4674ef3f81c9,c0606e43f69a702f0bf7e70ec1836a5949221b306d809da4c54bb845419bff62,7850c45f1ef6d537a4f606552d3ad48f8311fc85a57582377d678f55c6b4d7b7,215535f3f29e036c8c262bebb35464ba4b6a605f971ec9b6069da3686ecb7114,,300,6,0.05,0.8,0.8
T2_dmax_reg,reg,poi,20260817,all_records_3way,train,1306,2036,,,external_results/models/T2_dmax_reg__poi__seed20260817.json,4cf15b8eba4c99eece148c2a32e048d0c2f5e95077c976a68256a09da11afaf3,b6b0b6b75c9b8f1ca8efdefedea0ff133cf4847c68839a50f99dd6b02412603b,4261f04f9c55c283723af6c837677b9122a67f423f7fba4fc50b4674ef3f81c9,c0606e43f69a702f0bf7e70ec1836a5949221b306d809da4c54bb845419bff62,7850c45f1ef6d537a4f606552d3ad48f8311fc85a57582377d678f55c6b4d7b7,215535f3f29e036c8c262bebb35464ba4b6a605f971ec9b6069da3686ecb7114,,300,6,0.05,0.8,0.8
T3_pn_clf,clf,poi,20260817,all_records_3way,train,2080,3240,1718.0,362.0,external_results/models/T3_pn_clf__poi__seed20260817.json,788fbb49290c01cd042c9e94cfd7b7a164793ff8f232a6bdd5329e22ce94a259,b6b0b6b75c9b8f1ca8efdefedea0ff133cf4847c68839a50f99dd6b02412603b,4261f04f9c55c283723af6c837677b9122a67f423f7fba4fc50b4674ef3f81c9,c0606e43f69a702f0bf7e70ec1836a5949221b306d809da4c54bb845419bff62,7850c45f1ef6d537a4f606552d3ad48f8311fc85a57582377d678f55c6b4d7b7,215535f3f29e036c8c262bebb35464ba4b6a605f971ec9b6069da3686ecb7114,0.5,300,6,0.05,0.8,0.8
