task,protocol,split_regime,seed,metric,value,n_records,n_structures,conflict_structures_total,dropped_records,majority_ties_dropped
T3_pn_clf,record_level_all,poi,20260815,roc_auc,0.6198679521406877,3240,2278,132,0,0
T3_pn_clf,record_level_all,poi,20260815,pr_auc,0.9033813785890383,3240,2278,132,0,0
T3_pn_clf,record_level_all,poi,20260815,balanced_accuracy,0.49118252179876554,3240,2278,132,0,0
T3_pn_clf,record_level_all,poi,20260815,mcc,-0.03785749737673131,3240,2278,132,0,0
T3_pn_clf,record_level_all,poi,20260815,brier,0.13934736239928597,3240,2278,132,0,0
T3_pn_clf,record_level_all,poi,20260815,ece_10bin,0.114473016274932,3240,2278,132,0,0
T3_pn_clf,record_level_all,poi,20260815,sensitivity,0.9696531791907514,3240,2278,132,0,0
T3_pn_clf,record_level_all,poi,20260815,specificity,0.012711864406779662,3240,2278,132,0,0
T3_pn_clf,exclude_conflict_structures,poi,20260815,roc_auc,0.6749736953986541,2909,2146,132,331,0
T3_pn_clf,exclude_conflict_structures,poi,20260815,pr_auc,0.9426782964709022,2909,2146,132,331,0
T3_pn_clf,exclude_conflict_structures,poi,20260815,balanced_accuracy,0.49294229138610407,2909,2146,132,331,0
T3_pn_clf,exclude_conflict_structures,poi,20260815,mcc,-0.0257155566773612,2909,2146,132,331,0
T3_pn_clf,exclude_conflict_structures,poi,20260815,brier,0.10848827386201879,2909,2146,132,331,0
T3_pn_clf,exclude_conflict_structures,poi,20260815,ece_10bin,0.0822653750674181,2909,2146,132,331,0
T3_pn_clf,exclude_conflict_structures,poi,20260815,sensitivity,0.967479674796748,2909,2146,132,331,0
T3_pn_clf,exclude_conflict_structures,poi,20260815,specificity,0.018404907975460124,2909,2146,132,331,0
T3_pn_clf,structure_majority_label,poi,20260815,roc_auc,0.6439788572228345,2203,2203,132,0,75
T3_pn_clf,structure_majority_label,poi,20260815,pr_auc,0.9377548631557552,2203,2203,132,0,75
T3_pn_clf,structure_majority_label,poi,20260815,balanced_accuracy,0.4931441242848895,2203,2203,132,0,75
T3_pn_clf,structure_majority_label,poi,20260815,mcc,-0.021977339386832006,2203,2203,132,0,75
T3_pn_clf,structure_majority_label,poi,20260815,brier,0.10594285177863548,2203,2203,132,0,75
T3_pn_clf,structure_majority_label,poi,20260815,ece_10bin,0.07762131420958869,2203,2203,132,0,75
T3_pn_clf,structure_majority_label,poi,20260815,sensitivity,0.9604261796042618,2203,2203,132,0,75
T3_pn_clf,structure_majority_label,poi,20260815,specificity,0.02586206896551724,2203,2203,132,0,75
T3_pn_clf,record_level_all,poi,20260816,roc_auc,0.5740649033751347,3240,2278,132,0,0
T3_pn_clf,record_level_all,poi,20260816,pr_auc,0.8784201308200862,3240,2278,132,0,0
T3_pn_clf,record_level_all,poi,20260816,balanced_accuracy,0.5455294160869991,3240,2278,132,0,0
T3_pn_clf,record_level_all,poi,20260816,mcc,0.13317194405476734,3240,2278,132,0,0
T3_pn_clf,record_level_all,poi,20260816,brier,0.1418748300104551,3240,2278,132,0,0
T3_pn_clf,record_level_all,poi,20260816,ece_10bin,0.11813266579245708,3240,2278,132,0,0
T3_pn_clf,record_level_all,poi,20260816,sensitivity,0.951228323699422,3240,2278,132,0,0
T3_pn_clf,record_level_all,poi,20260816,specificity,0.13983050847457626,3240,2278,132,0,0
T3_pn_clf,exclude_conflict_structures,poi,20260816,roc_auc,0.5868776260067596,2909,2146,132,331,0
T3_pn_clf,exclude_conflict_structures,poi,20260816,pr_auc,0.9069844207612987,2909,2146,132,331,0
T3_pn_clf,exclude_conflict_structures,poi,20260816,balanced_accuracy,0.5638073624382168,2909,2146,132,331,0
T3_pn_clf,exclude_conflict_structures,poi,20260816,mcc,0.1675189540201235,2909,2146,132,331,0
T3_pn_clf,exclude_conflict_structures,poi,20260816,brier,0.11162253320075019,2909,2146,132,331,0
T3_pn_clf,exclude_conflict_structures,poi,20260816,ece_10bin,0.08811262159535635,2909,2146,132,331,0
T3_pn_clf,exclude_conflict_structures,poi,20260816,sensitivity,0.9527680991095625,2909,2146,132,331,0
T3_pn_clf,exclude_conflict_structures,poi,20260816,specificity,0.17484662576687116,2909,2146,132,331,0
T3_pn_clf,structure_majority_label,poi,20260816,roc_auc,0.6015511555485575,2203,2203,132,0,75
T3_pn_clf,structure_majority_label,poi,20260816,pr_auc,0.9161652517507388,2203,2203,132,0,75
T3_pn_clf,structure_majority_label,poi,20260816,balanced_accuracy,0.5664156125894435,2203,2203,132,0,75
T3_pn_clf,structure_majority_label,poi,20260816,mcc,0.1589520972573797,2203,2203,132,0,75
T3_pn_clf,structure_majority_label,poi,20260816,brier,0.10964641452887851,2203,2203,132,0,75
T3_pn_clf,structure_majority_label,poi,20260816,ece_10bin,0.08999429749011231,2203,2203,132,0,75
T3_pn_clf,structure_majority_label,poi,20260816,sensitivity,0.9431760527650939,2203,2203,132,0,75
T3_pn_clf,structure_majority_label,poi,20260816,specificity,0.1896551724137931,2203,2203,132,0,75
T3_pn_clf,record_level_all,poi,20260817,roc_auc,0.5733228421671402,3240,2278,132,0,0
T3_pn_clf,record_level_all,poi,20260817,pr_auc,0.8713342500054837,3240,2278,132,0,0
T3_pn_clf,record_level_all,poi,20260817,balanced_accuracy,0.5221814685999804,3240,2278,132,0,0
T3_pn_clf,record_level_all,poi,20260817,mcc,0.0952352668383397,3240,2278,132,0,0
T3_pn_clf,record_level_all,poi,20260817,brier,0.1334096140927307,3240,2278,132,0,0
T3_pn_clf,record_level_all,poi,20260817,ece_10bin,0.09531536979807745,3240,2278,132,0,0
T3_pn_clf,record_level_all,poi,20260817,sensitivity,0.9786849710982659,3240,2278,132,0,0
T3_pn_clf,record_level_all,poi,20260817,specificity,0.06567796610169492,3240,2278,132,0,0
T3_pn_clf,exclude_conflict_structures,poi,20260817,roc_auc,0.604977923135936,2909,2146,132,331,0
T3_pn_clf,exclude_conflict_structures,poi,20260817,pr_auc,0.91724686151672,2909,2146,132,331,0
T3_pn_clf,exclude_conflict_structures,poi,20260817,balanced_accuracy,0.5258058233518356,2909,2146,132,331,0
T3_pn_clf,exclude_conflict_structures,poi,20260817,mcc,0.11184871430332556,2909,2146,132,331,0
T3_pn_clf,exclude_conflict_structures,poi,20260817,brier,0.104169606975599,2909,2146,132,331,0
T3_pn_clf,exclude_conflict_structures,poi,20260817,ece_10bin,0.0699973860611495,2909,2146,132,331,0
T3_pn_clf,exclude_conflict_structures,poi,20260817,sensitivity,0.9841269841269841,2909,2146,132,331,0
T3_pn_clf,exclude_conflict_structures,poi,20260817,specificity,0.06748466257668712,2909,2146,132,331,0
T3_pn_clf,structure_majority_label,poi,20260817,roc_auc,0.5875376143739393,2203,2203,132,0,75
T3_pn_clf,structure_majority_label,poi,20260817,pr_auc,0.9130589341505043,2203,2203,132,0,75
T3_pn_clf,structure_majority_label,poi,20260817,balanced_accuracy,0.5262371192638079,2203,2203,132,0,75
T3_pn_clf,structure_majority_label,poi,20260817,mcc,0.10060181234997803,2203,2203,132,0,75
T3_pn_clf,structure_majority_label,poi,20260817,brier,0.10100813212943081,2203,2203,132,0,75
T3_pn_clf,structure_majority_label,poi,20260817,ece_10bin,0.06972050520706002,2203,2203,132,0,75
T3_pn_clf,structure_majority_label,poi,20260817,sensitivity,0.9791983764586504,2203,2203,132,0,75
T3_pn_clf,structure_majority_label,poi,20260817,specificity,0.07327586206896551,2203,2203,132,0,75
T3_pn_clf,record_level_all,pub,20260815,roc_auc,0.5705558991378465,3240,2278,132,0,0
T3_pn_clf,record_level_all,pub,20260815,pr_auc,0.8820437436694295,3240,2278,132,0,0
T3_pn_clf,record_level_all,pub,20260815,balanced_accuracy,0.4952544822180856,3240,2278,132,0,0
T3_pn_clf,record_level_all,pub,20260815,mcc,-0.03032233616075631,3240,2278,132,0,0
T3_pn_clf,record_level_all,pub,20260815,brier,0.13748517405125812,3240,2278,132,0,0
T3_pn_clf,record_level_all,pub,20260815,ece_10bin,0.10359631650793696,3240,2278,132,0,0
T3_pn_clf,record_level_all,pub,20260815,sensitivity,0.986271676300578,3240,2278,132,0,0
T3_pn_clf,record_level_all,pub,20260815,specificity,0.00423728813559322,3240,2278,132,0,0
T3_pn_clf,exclude_conflict_structures,pub,20260815,roc_auc,0.5917258668642777,2909,2146,132,331,0
T3_pn_clf,exclude_conflict_structures,pub,20260815,pr_auc,0.9211494909795971,2909,2146,132,331,0
T3_pn_clf,exclude_conflict_structures,pub,20260815,balanced_accuracy,0.49571169681898397,2909,2146,132,331,0
T3_pn_clf,exclude_conflict_structures,pub,20260815,mcc,-0.02323224672278576,2909,2146,132,331,0
T3_pn_clf,exclude_conflict_structures,pub,20260815,brier,0.10922245878489786,2909,2146,132,331,0
T3_pn_clf,exclude_conflict_structures,pub,20260815,ece_10bin,0.07634177261015193,2909,2146,132,331,0
T3_pn_clf,exclude_conflict_structures,pub,20260815,sensitivity,0.9852884243128146,2909,2146,132,331,0
T3_pn_clf,exclude_conflict_structures,pub,20260815,specificity,0.006134969325153374,2909,2146,132,331,0
T3_pn_clf,structure_majority_label,pub,20260815,roc_auc,0.5444636890078552,2203,2203,132,0,75
T3_pn_clf,structure_majority_label,pub,20260815,pr_auc,0.9103735904265875,2203,2203,132,0,75
T3_pn_clf,structure_majority_label,pub,20260815,balanced_accuracy,0.49619263807974245,2203,2203,132,0,75
T3_pn_clf,structure_majority_label,pub,20260815,mcc,-0.01896147979762571,2203,2203,132,0,75
T3_pn_clf,structure_majority_label,pub,20260815,brier,0.10633897508554618,2203,2203,132,0,75
T3_pn_clf,structure_majority_label,pub,20260815,ece_10bin,0.07767218953362935,2203,2203,132,0,75
T3_pn_clf,structure_majority_label,pub,20260815,sensitivity,0.9837645865043125,2203,2203,132,0,75
T3_pn_clf,structure_majority_label,pub,20260815,specificity,0.008620689655172414,2203,2203,132,0,75
T3_pn_clf,record_level_all,pub,20260816,roc_auc,0.5774583312922504,3240,2278,132,0,0
T3_pn_clf,record_level_all,pub,20260816,pr_auc,0.8811117406247666,3240,2278,132,0,0
T3_pn_clf,record_level_all,pub,20260816,balanced_accuracy,0.5581984177525228,3240,2278,132,0,0
T3_pn_clf,record_level_all,pub,20260816,mcc,0.21403541958565347,3240,2278,132,0,0
T3_pn_clf,record_level_all,pub,20260816,brier,0.1285003953903452,3240,2278,132,0,0
T3_pn_clf,record_level_all,pub,20260816,ece_10bin,0.09522385732903155,3240,2278,132,0,0
T3_pn_clf,record_level_all,pub,20260816,sensitivity,0.9786849710982659,3240,2278,132,0,0
T3_pn_clf,record_level_all,pub,20260816,specificity,0.13771186440677965,3240,2278,132,0,0
T3_pn_clf,exclude_conflict_structures,pub,20260816,roc_auc,0.6290231789259172,2909,2146,132,331,0
T3_pn_clf,exclude_conflict_structures,pub,20260816,pr_auc,0.9229192795705958,2909,2146,132,331,0
T3_pn_clf,exclude_conflict_structures,pub,20260816,balanced_accuracy,0.5790848136351653,2909,2146,132,331,0
T3_pn_clf,exclude_conflict_structures,pub,20260816,mcc,0.26272525950489817,2909,2146,132,331,0
T3_pn_clf,exclude_conflict_structures,pub,20260816,brier,0.09721536924611261,2909,2146,132,331,0
T3_pn_clf,exclude_conflict_structures,pub,20260816,ece_10bin,0.06872107338028377,2909,2146,132,331,0
T3_pn_clf,exclude_conflict_structures,pub,20260816,sensitivity,0.9802555168408827,2909,2146,132,331,0
T3_pn_clf,exclude_conflict_structures,pub,20260816,specificity,0.17791411042944785,2909,2146,132,331,0
T3_pn_clf,structure_majority_label,pub,20260816,roc_auc,0.6219689812627932,2203,2203,132,0,75
T3_pn_clf,structure_majority_label,pub,20260816,pr_auc,0.9235034276384951,2203,2203,132,0,75
T3_pn_clf,structure_majority_label,pub,20260816,balanced_accuracy,0.5801164296086355,2203,2203,132,0,75
T3_pn_clf,structure_majority_label,pub,20260816,mcc,0.25830446317675254,2203,2203,132,0,75
T3_pn_clf,structure_majority_label,pub,20260816,brier,0.09383005319626624,2203,2203,132,0,75
T3_pn_clf,structure_majority_label,pub,20260816,ece_10bin,0.068190320937324,2203,2203,132,0,75
T3_pn_clf,structure_majority_label,pub,20260816,sensitivity,0.9791983764586504,2203,2203,132,0,75
T3_pn_clf,structure_majority_label,pub,20260816,specificity,0.1810344827586207,2203,2203,132,0,75
T3_pn_clf,record_level_all,pub,20260817,roc_auc,0.5716875520476143,3240,2278,132,0,0
T3_pn_clf,record_level_all,pub,20260817,pr_auc,0.8870394626136793,3240,2278,132,0,0
T3_pn_clf,record_level_all,pub,20260817,balanced_accuracy,0.5123597776036053,3240,2278,132,0,0
T3_pn_clf,record_level_all,pub,20260817,mcc,0.06365344351225735,3240,2278,132,0,0
T3_pn_clf,record_level_all,pub,20260817,brier,0.13888679929861303,3240,2278,132,0,0
T3_pn_clf,record_level_all,pub,20260817,ece_10bin,0.11224717045731755,3240,2278,132,0,0
T3_pn_clf,record_level_all,pub,20260817,sensitivity,0.9844653179190751,3240,2278,132,0,0
T3_pn_clf,record_level_all,pub,20260817,specificity,0.04025423728813559,3240,2278,132,0,0
T3_pn_clf,exclude_conflict_structures,pub,20260817,roc_auc,0.5930945374309133,2909,2146,132,331,0
T3_pn_clf,exclude_conflict_structures,pub,20260817,pr_auc,0.9205442054850352,2909,2146,132,331,0
T3_pn_clf,exclude_conflict_structures,pub,20260817,balanced_accuracy,0.5150844716159695,2909,2146,132,331,0
T3_pn_clf,exclude_conflict_structures,pub,20260817,mcc,0.07548268798577723,2909,2146,132,331,0
T3_pn_clf,exclude_conflict_structures,pub,20260817,brier,0.1090447076499497,2909,2146,132,331,0
T3_pn_clf,exclude_conflict_structures,pub,20260817,ece_10bin,0.08296863583098077,2909,2146,132,331,0
T3_pn_clf,exclude_conflict_structures,pub,20260817,sensitivity,0.9872241579558653,2909,2146,132,331,0
T3_pn_clf,exclude_conflict_structures,pub,20260817,specificity,0.04294478527607362,2909,2146,132,331,0
T3_pn_clf,structure_majority_label,pub,20260817,roc_auc,0.5706570706275478,2203,2203,132,0,75
T3_pn_clf,structure_majority_label,pub,20260817,pr_auc,0.9174137863654059,2203,2203,132,0,75
T3_pn_clf,structure_majority_label,pub,20260817,balanced_accuracy,0.5045596493990447,2203,2203,132,0,75
T3_pn_clf,structure_majority_label,pub,20260817,mcc,0.021226960837391857,2203,2203,132,0,75
T3_pn_clf,structure_majority_label,pub,20260817,brier,0.10626029172850585,2203,2203,132,0,75
T3_pn_clf,structure_majority_label,pub,20260817,ece_10bin,0.085069417906143,2203,2203,132,0,75
T3_pn_clf,structure_majority_label,pub,20260817,sensitivity,0.9832572298325722,2203,2203,132,0,75
T3_pn_clf,structure_majority_label,pub,20260817,specificity,0.02586206896551724,2203,2203,132,0,75
T3_pn_clf,record_level_all,random,20260815,roc_auc,0.600619519692368,3240,2278,132,0,0
T3_pn_clf,record_level_all,random,20260815,pr_auc,0.8939739954161865,3240,2278,132,0,0
T3_pn_clf,record_level_all,random,20260815,balanced_accuracy,0.5019716860977761,3240,2278,132,0,0
T3_pn_clf,record_level_all,random,20260815,mcc,0.012019657387950753,3240,2278,132,0,0
T3_pn_clf,record_level_all,random,20260815,brier,0.1313780292332636,3240,2278,132,0,0
T3_pn_clf,record_level_all,random,20260815,ece_10bin,0.09057110470064263,3240,2278,132,0,0
T3_pn_clf,record_level_all,random,20260815,sensitivity,0.9869942196531792,3240,2278,132,0,0
T3_pn_clf,record_level_all,random,20260815,specificity,0.01694915254237288,3240,2278,132,0,0
T3_pn_clf,exclude_conflict_structures,random,20260815,roc_auc,0.6329730256110624,2909,2146,132,331,0
T3_pn_clf,exclude_conflict_structures,random,20260815,pr_auc,0.9260328450016954,2909,2146,132,331,0
T3_pn_clf,exclude_conflict_structures,random,20260815,balanced_accuracy,0.503961128568341,2909,2146,132,331,0
T3_pn_clf,exclude_conflict_structures,random,20260815,mcc,0.020949875473755764,2909,2146,132,331,0
T3_pn_clf,exclude_conflict_structures,random,20260815,brier,0.10098423596040752,2909,2146,132,331,0
T3_pn_clf,exclude_conflict_structures,random,20260815,ece_10bin,0.06117259518935862,2909,2146,132,331,0
T3_pn_clf,exclude_conflict_structures,random,20260815,sensitivity,0.986449864498645,2909,2146,132,331,0
T3_pn_clf,exclude_conflict_structures,random,20260815,specificity,0.02147239263803681,2909,2146,132,331,0
T3_pn_clf,structure_majority_label,random,20260815,roc_auc,0.630821480431778,2203,2203,132,0,75
T3_pn_clf,structure_majority_label,random,20260815,pr_auc,0.9271582595805015,2203,2203,132,0,75
T3_pn_clf,structure_majority_label,random,20260815,balanced_accuracy,0.5051949386798229,2203,2203,132,0,75
T3_pn_clf,structure_majority_label,random,20260815,mcc,0.028985873881293794,2203,2203,132,0,75
T3_pn_clf,structure_majority_label,random,20260815,brier,0.09493438141318801,2203,2203,132,0,75
T3_pn_clf,structure_majority_label,random,20260815,ece_10bin,0.0554320346420319,2203,2203,132,0,75
T3_pn_clf,structure_majority_label,random,20260815,sensitivity,0.9888381532217149,2203,2203,132,0,75
T3_pn_clf,structure_majority_label,random,20260815,specificity,0.021551724137931036,2203,2203,132,0,75
T3_pn_clf,record_level_all,random,20260816,roc_auc,0.5847526513667092,3240,2278,132,0,0
T3_pn_clf,record_level_all,random,20260816,pr_auc,0.8855347472240223,3240,2278,132,0,0
T3_pn_clf,record_level_all,random,20260816,balanced_accuracy,0.5158837072597238,3240,2278,132,0,0
T3_pn_clf,record_level_all,random,20260816,mcc,0.059824414816954455,3240,2278,132,0,0
T3_pn_clf,record_level_all,random,20260816,brier,0.13599678068479634,3240,2278,132,0,0
T3_pn_clf,record_level_all,random,20260816,ece_10bin,0.10234222050158334,3240,2278,132,0,0
T3_pn_clf,record_level_all,random,20260816,sensitivity,0.9682080924855492,3240,2278,132,0,0
T3_pn_clf,record_level_all,random,20260816,specificity,0.0635593220338983,3240,2278,132,0,0
T3_pn_clf,exclude_conflict_structures,random,20260816,roc_auc,0.6158031869538678,2909,2146,132,331,0
T3_pn_clf,exclude_conflict_structures,random,20260816,pr_auc,0.9198729161505648,2909,2146,132,331,0
T3_pn_clf,exclude_conflict_structures,random,20260816,balanced_accuracy,0.5209516446610566,2909,2146,132,331,0
T3_pn_clf,exclude_conflict_structures,random,20260816,mcc,0.07362504840823797,2909,2146,132,331,0
T3_pn_clf,exclude_conflict_structures,random,20260816,brier,0.10566213781765182,2909,2146,132,331,0
T3_pn_clf,exclude_conflict_structures,random,20260816,ece_10bin,0.0737488066394044,2909,2146,132,331,0
T3_pn_clf,exclude_conflict_structures,random,20260816,sensitivity,0.9713511420828495,2909,2146,132,331,0
T3_pn_clf,exclude_conflict_structures,random,20260816,specificity,0.0705521472392638,2909,2146,132,331,0
T3_pn_clf,structure_majority_label,random,20260816,roc_auc,0.6068335695166115,2203,2203,132,0,75
T3_pn_clf,structure_majority_label,random,20260816,pr_auc,0.9214842237796326,2203,2203,132,0,75
T3_pn_clf,structure_majority_label,random,20260816,balanced_accuracy,0.5217966549449781,2203,2203,132,0,75
T3_pn_clf,structure_majority_label,random,20260816,mcc,0.0694759843388902,2203,2203,132,0,75
T3_pn_clf,structure_majority_label,random,20260816,brier,0.10295910534391259,2203,2203,132,0,75
T3_pn_clf,structure_majority_label,random,20260816,ece_10bin,0.0746856123087247,2203,2203,132,0,75
T3_pn_clf,structure_majority_label,random,20260816,sensitivity,0.9660071029934043,2203,2203,132,0,75
T3_pn_clf,structure_majority_label,random,20260816,specificity,0.07758620689655173,2203,2203,132,0,75
T3_pn_clf,record_level_all,random,20260817,roc_auc,0.5977771841628294,3240,2278,132,0,0
T3_pn_clf,record_level_all,random,20260817,pr_auc,0.8990671681636406,3240,2278,132,0,0
T3_pn_clf,record_level_all,random,20260817,balanced_accuracy,0.49412168119917704,3240,2278,132,0,0
T3_pn_clf,record_level_all,random,20260817,mcc,-0.03076436733448281,3240,2278,132,0,0
T3_pn_clf,record_level_all,random,20260817,brier,0.13812761787046535,3240,2278,132,0,0
T3_pn_clf,record_level_all,random,20260817,ece_10bin,0.10927978057276314,3240,2278,132,0,0
T3_pn_clf,record_level_all,random,20260817,sensitivity,0.9797687861271677,3240,2278,132,0,0
T3_pn_clf,record_level_all,random,20260817,specificity,0.00847457627118644,3240,2278,132,0,0
T3_pn_clf,exclude_conflict_structures,random,20260817,roc_auc,0.6373361454911657,2909,2146,132,331,0
T3_pn_clf,exclude_conflict_structures,random,20260817,pr_auc,0.9323483472872788,2909,2146,132,331,0
T3_pn_clf,exclude_conflict_structures,random,20260817,balanced_accuracy,0.4952948609240694,2909,2146,132,331,0
T3_pn_clf,exclude_conflict_structures,random,20260817,mcc,-0.020885823997593058,2909,2146,132,331,0
T3_pn_clf,exclude_conflict_structures,random,20260817,brier,0.1079373780592277,2909,2146,132,331,0
T3_pn_clf,exclude_conflict_structures,random,20260817,ece_10bin,0.07813625811157712,2909,2146,132,331,0
T3_pn_clf,exclude_conflict_structures,random,20260817,sensitivity,0.978319783197832,2909,2146,132,331,0
T3_pn_clf,exclude_conflict_structures,random,20260817,specificity,0.012269938650306749,2909,2146,132,331,0
T3_pn_clf,structure_majority_label,random,20260817,roc_auc,0.6338634335800136,2203,2203,132,0,75
T3_pn_clf,structure_majority_label,random,20260817,pr_auc,0.9341496214579144,2203,2203,132,0,75
T3_pn_clf,structure_majority_label,random,20260817,balanced_accuracy,0.4945426354554838,2203,2203,132,0,75
T3_pn_clf,structure_majority_label,random,20260817,mcc,-0.022495375565097248,2203,2203,132,0,75
T3_pn_clf,structure_majority_label,random,20260817,brier,0.10314965796226884,2203,2203,132,0,75
T3_pn_clf,structure_majority_label,random,20260817,ece_10bin,0.0734022295223384,2203,2203,132,0,75
T3_pn_clf,structure_majority_label,random,20260817,sensitivity,0.976154236428209,2203,2203,132,0,75
T3_pn_clf,structure_majority_label,random,20260817,specificity,0.01293103448275862,2203,2203,132,0,75
T3_pn_clf,record_level_all,scaffold,20260815,roc_auc,0.5845509668609777,3240,2278,132,0,0
T3_pn_clf,record_level_all,scaffold,20260815,pr_auc,0.8876459145544473,3240,2278,132,0,0
T3_pn_clf,record_level_all,scaffold,20260815,balanced_accuracy,0.546735696090918,3240,2278,132,0,0
T3_pn_clf,record_level_all,scaffold,20260815,mcc,0.1521939552902108,3240,2278,132,0,0
T3_pn_clf,record_level_all,scaffold,20260815,brier,0.13600946995694072,3240,2278,132,0,0
T3_pn_clf,record_level_all,scaffold,20260815,ece_10bin,0.10672960934677615,3240,2278,132,0,0
T3_pn_clf,record_level_all,scaffold,20260815,sensitivity,0.9642341040462428,3240,2278,132,0,0
T3_pn_clf,record_level_all,scaffold,20260815,specificity,0.1292372881355932,3240,2278,132,0,0
T3_pn_clf,exclude_conflict_structures,scaffold,20260815,roc_auc,0.6185179643207476,2909,2146,132,331,0
T3_pn_clf,exclude_conflict_structures,scaffold,20260815,pr_auc,0.9203210592454789,2909,2146,132,331,0
T3_pn_clf,exclude_conflict_structures,scaffold,20260815,balanced_accuracy,0.5631072918967577,2909,2146,132,331,0
T3_pn_clf,exclude_conflict_structures,scaffold,20260815,mcc,0.18729351338223243,2909,2146,132,331,0
T3_pn_clf,exclude_conflict_structures,scaffold,20260815,brier,0.10590916490978043,2909,2146,132,331,0
T3_pn_clf,exclude_conflict_structures,scaffold,20260815,ece_10bin,0.081986304719594,2909,2146,132,331,0
T3_pn_clf,exclude_conflict_structures,scaffold,20260815,sensitivity,0.9667053813395277,2909,2146,132,331,0
T3_pn_clf,exclude_conflict_structures,scaffold,20260815,specificity,0.15950920245398773,2909,2146,132,331,0
T3_pn_clf,structure_majority_label,scaffold,20260815,roc_auc,0.601711891390682,2203,2203,132,0,75
T3_pn_clf,structure_majority_label,scaffold,20260815,pr_auc,0.9230426735989038,2203,2203,132,0,75
T3_pn_clf,structure_majority_label,scaffold,20260815,balanced_accuracy,0.560461825784216,2203,2203,132,0,75
T3_pn_clf,structure_majority_label,scaffold,20260815,mcc,0.16826205667538277,2203,2203,132,0,75
T3_pn_clf,structure_majority_label,scaffold,20260815,brier,0.10399982075232235,2203,2203,132,0,75
T3_pn_clf,structure_majority_label,scaffold,20260815,ece_10bin,0.08698871581258419,2203,2203,132,0,75
T3_pn_clf,structure_majority_label,scaffold,20260815,sensitivity,0.9614408929477423,2203,2203,132,0,75
T3_pn_clf,structure_majority_label,scaffold,20260815,specificity,0.15948275862068967,2203,2203,132,0,75
T3_pn_clf,record_level_all,scaffold,20260816,roc_auc,0.5862895868031743,3240,2278,132,0,0
T3_pn_clf,record_level_all,scaffold,20260816,pr_auc,0.8827845090516624,3240,2278,132,0,0
T3_pn_clf,record_level_all,scaffold,20260816,balanced_accuracy,0.5192821103164496,3240,2278,132,0,0
T3_pn_clf,record_level_all,scaffold,20260816,mcc,0.1026064156454698,3240,2278,132,0,0
T3_pn_clf,record_level_all,scaffold,20260816,brier,0.13246847832094444,3240,2278,132,0,0
T3_pn_clf,record_level_all,scaffold,20260816,ece_10bin,0.09610653090072274,3240,2278,132,0,0
T3_pn_clf,record_level_all,scaffold,20260816,sensitivity,0.9877167630057804,3240,2278,132,0,0
T3_pn_clf,record_level_all,scaffold,20260816,specificity,0.05084745762711865,3240,2278,132,0,0
T3_pn_clf,exclude_conflict_structures,scaffold,20260816,roc_auc,0.612282645613485,2909,2146,132,331,0
T3_pn_clf,exclude_conflict_structures,scaffold,20260816,pr_auc,0.9133965480786812,2909,2146,132,331,0
T3_pn_clf,exclude_conflict_structures,scaffold,20260816,balanced_accuracy,0.5288881525975645,2909,2146,132,331,0
T3_pn_clf,exclude_conflict_structures,scaffold,20260816,mcc,0.1326404140731526,2909,2146,132,331,0
T3_pn_clf,exclude_conflict_structures,scaffold,20260816,brier,0.10222847373367988,2909,2146,132,331,0
T3_pn_clf,exclude_conflict_structures,scaffold,20260816,ece_10bin,0.0694516266424986,2909,2146,132,331,0
T3_pn_clf,exclude_conflict_structures,scaffold,20260816,sensitivity,0.9872241579558653,2909,2146,132,331,0
T3_pn_clf,exclude_conflict_structures,scaffold,20260816,specificity,0.0705521472392638,2909,2146,132,331,0
T3_pn_clf,structure_majority_label,scaffold,20260816,roc_auc,0.6070763134414527,2203,2203,132,0,75
T3_pn_clf,structure_majority_label,scaffold,20260816,pr_auc,0.9182884402514622,2203,2203,132,0,75
T3_pn_clf,structure_majority_label,scaffold,20260816,balanced_accuracy,0.5295349376301195,2203,2203,132,0,75
T3_pn_clf,structure_majority_label,scaffold,20260816,mcc,0.12818032879857372,2203,2203,132,0,75
T3_pn_clf,structure_majority_label,scaffold,20260816,brier,0.09825297783858543,2203,2203,132,0,75
T3_pn_clf,structure_majority_label,scaffold,20260816,ece_10bin,0.07066827203488274,2203,2203,132,0,75
T3_pn_clf,structure_majority_label,scaffold,20260816,sensitivity,0.9857940131912735,2203,2203,132,0,75
T3_pn_clf,structure_majority_label,scaffold,20260816,specificity,0.07327586206896551,2203,2203,132,0,75
T3_pn_clf,record_level_all,scaffold,20260817,roc_auc,0.5879463082933281,3240,2278,132,0,0
T3_pn_clf,record_level_all,scaffold,20260817,pr_auc,0.8929072917139803,3240,2278,132,0,0
T3_pn_clf,record_level_all,scaffold,20260817,balanced_accuracy,0.5042954589987264,3240,2278,132,0,0
T3_pn_clf,record_level_all,scaffold,20260817,mcc,0.028150826731914484,3240,2278,132,0,0
T3_pn_clf,record_level_all,scaffold,20260817,brier,0.1358433697013662,3240,2278,132,0,0
T3_pn_clf,record_level_all,scaffold,20260817,ece_10bin,0.10428319468542385,3240,2278,132,0,0
T3_pn_clf,record_level_all,scaffold,20260817,sensitivity,0.9895231213872833,3240,2278,132,0,0
T3_pn_clf,record_level_all,scaffold,20260817,specificity,0.019067796610169493,3240,2278,132,0,0
T3_pn_clf,exclude_conflict_structures,scaffold,20260817,roc_auc,0.6135325595149027,2909,2146,132,331,0
T3_pn_clf,exclude_conflict_structures,scaffold,20260817,pr_auc,0.9227347837422966,2909,2146,132,331,0
T3_pn_clf,exclude_conflict_structures,scaffold,20260817,balanced_accuracy,0.5070434578140698,2909,2146,132,331,0
T3_pn_clf,exclude_conflict_structures,scaffold,20260817,mcc,0.04075768537587055,2909,2146,132,331,0
T3_pn_clf,exclude_conflict_structures,scaffold,20260817,brier,0.10564148919007443,2909,2146,132,331,0
T3_pn_clf,exclude_conflict_structures,scaffold,20260817,ece_10bin,0.0742668021110457,2909,2146,132,331,0
T3_pn_clf,exclude_conflict_structures,scaffold,20260817,sensitivity,0.9895470383275261,2909,2146,132,331,0
T3_pn_clf,exclude_conflict_structures,scaffold,20260817,specificity,0.024539877300613498,2909,2146,132,331,0
T3_pn_clf,structure_majority_label,scaffold,20260817,roc_auc,0.6150245368183488,2203,2203,132,0,75
T3_pn_clf,structure_majority_label,scaffold,20260817,pr_auc,0.9271522807533427,2203,2203,132,0,75
T3_pn_clf,structure_majority_label,scaffold,20260817,balanced_accuracy,0.507350111093616,2203,2203,132,0,75
T3_pn_clf,structure_majority_label,scaffold,20260817,mcc,0.04028121458752875,2203,2203,132,0,75
T3_pn_clf,structure_majority_label,scaffold,20260817,brier,0.10033877723653868,2203,2203,132,0,75
T3_pn_clf,structure_majority_label,scaffold,20260817,ece_10bin,0.07066957962361457,2203,2203,132,0,75
T3_pn_clf,structure_majority_label,scaffold,20260817,sensitivity,0.9888381532217149,2203,2203,132,0,75
T3_pn_clf,structure_majority_label,scaffold,20260817,specificity,0.02586206896551724,2203,2203,132,0,75
